-- MySQL dump 10.13  Distrib 5.7.21, for Linux (x86_64)
--
-- Host: localhost    Database: stc765
-- ------------------------------------------------------
-- Server version	5.7.21-0ubuntu0.16.04.1

/*!40101 SET @OLD_CHARACTER_SET_CLIENT=@@CHARACTER_SET_CLIENT */;
/*!40101 SET @OLD_CHARACTER_SET_RESULTS=@@CHARACTER_SET_RESULTS */;
/*!40101 SET @OLD_COLLATION_CONNECTION=@@COLLATION_CONNECTION */;
/*!40101 SET NAMES utf8 */;
/*!40103 SET @OLD_TIME_ZONE=@@TIME_ZONE */;
/*!40103 SET TIME_ZONE='+00:00' */;
/*!40014 SET @OLD_UNIQUE_CHECKS=@@UNIQUE_CHECKS, UNIQUE_CHECKS=0 */;
/*!40014 SET @OLD_FOREIGN_KEY_CHECKS=@@FOREIGN_KEY_CHECKS, FOREIGN_KEY_CHECKS=0 */;
/*!40101 SET @OLD_SQL_MODE=@@SQL_MODE, SQL_MODE='NO_AUTO_VALUE_ON_ZERO' */;
/*!40111 SET @OLD_SQL_NOTES=@@SQL_NOTES, SQL_NOTES=0 */;

--
-- Table structure for table `AdvertPictures`
--

DROP TABLE IF EXISTS `AdvertPictures`;
/*!40101 SET @saved_cs_client     = @@character_set_client */;
/*!40101 SET character_set_client = utf8 */;
CREATE TABLE `AdvertPictures` (
  `pictureID` int(11) NOT NULL AUTO_INCREMENT,
  `advertPK` int(11) NOT NULL,
  `pictureLocation` mediumtext NOT NULL,
  PRIMARY KEY (`pictureID`),
  KEY `advertPK` (`advertPK`),
  CONSTRAINT `advertPK` FOREIGN KEY (`advertPK`) REFERENCES `Adverts` (`advertID`)
) ENGINE=InnoDB AUTO_INCREMENT=100 DEFAULT CHARSET=latin1;
/*!40101 SET character_set_client = @saved_cs_client */;

--
-- Dumping data for table `AdvertPictures`
--

LOCK TABLES `AdvertPictures` WRITE;
/*!40000 ALTER TABLE `AdvertPictures` DISABLE KEYS */;
INSERT INTO `AdvertPictures` VALUES (1,114,'no-image.png'),(2,115,'no-image.png'),(3,116,'no-image.png'),(4,117,'no-image.png'),(5,118,'no-image.png'),(6,119,'no-image.png'),(7,120,'no-image.png'),(8,121,'no-image.png'),(9,122,'no-image.png'),(10,123,'no-image.png'),(11,124,'no-image.png'),(12,125,'no-image.png'),(13,126,'no-image.png'),(14,127,'no-image.png'),(15,128,'no-image.png'),(16,129,'no-image.png'),(17,130,'no-image.png'),(18,131,'no-image.png'),(19,132,'no-image.png'),(20,133,'no-image.png'),(21,134,'no-image.png'),(22,135,'no-image.png'),(23,136,'no-image.png'),(24,137,'no-image.png'),(25,138,'no-image.png'),(26,139,'no-image.png'),(27,140,'no-image.png'),(28,141,'no-image.png'),(29,142,'no-image.png'),(30,143,'no-image.png'),(31,144,'no-image.png'),(32,145,'no-image.png'),(33,146,'no-image.png'),(34,147,'no-image.png'),(35,148,'no-image.png'),(36,149,'no-image.png'),(37,150,'no-image.png'),(38,151,'no-image.png'),(39,152,'no-image.png'),(40,153,'no-image.png'),(41,154,'no-image.png'),(42,155,'no-image.png'),(43,156,'no-image.png'),(44,157,'no-image.png'),(45,158,'no-image.png'),(46,159,'no-image.png'),(47,160,'no-image.png'),(48,161,'no-image.png'),(49,162,'no-image.png'),(50,163,'no-image.png'),(51,164,'no-image.png'),(52,165,'no-image.png'),(53,166,'no-image.png'),(54,167,'no-image.png'),(55,168,'no-image.png'),(56,169,'no-image.png'),(57,170,'no-image.png'),(58,171,'no-image.png'),(59,172,'no-image.png'),(60,173,'no-image.png'),(61,174,'no-image.png'),(62,175,'no-image.png'),(63,176,'no-image.png'),(64,177,'no-image.png'),(65,178,'no-image.png'),(66,179,'no-image.png'),(67,180,'no-image.png'),(68,181,'no-image.png'),(69,182,'no-image.png'),(70,183,'no-image.png'),(71,184,'no-image.png'),(72,185,'no-image.png'),(73,186,'no-image.png'),(74,187,'no-image.png'),(75,188,'no-image.png'),(76,189,'no-image.png'),(77,190,'no-image.png'),(78,191,'no-image.png'),(79,192,'no-image.png'),(80,193,'no-image.png'),(81,194,'no-image.png'),(82,195,'no-image.png'),(83,196,'no-image.png'),(84,197,'no-image.png'),(85,198,'no-image.png'),(86,199,'no-image.png'),(87,200,'no-image.png'),(88,201,'no-image.png'),(89,202,'no-image.png'),(90,203,'no-image.png'),(91,204,'no-image.png'),(92,205,'no-image.png'),(93,206,'no-image.png'),(94,207,'no-image.png'),(95,208,'no-image.png'),(96,209,'no-image.png'),(97,210,'no-image.png'),(98,211,'no-image.png'),(99,212,'no-image.png');
/*!40000 ALTER TABLE `AdvertPictures` ENABLE KEYS */;
UNLOCK TABLES;

--
-- Table structure for table `Adverts`
--

DROP TABLE IF EXISTS `Adverts`;
/*!40101 SET @saved_cs_client     = @@character_set_client */;
/*!40101 SET character_set_client = utf8 */;
CREATE TABLE `Adverts` (
  `advertID` int(11) NOT NULL AUTO_INCREMENT,
  `userPK` int(11) NOT NULL,
  `title` mediumtext NOT NULL,
  `description` mediumtext NOT NULL,
  `type` varchar(9) NOT NULL,
  `date` date NOT NULL,
  `price` decimal(9,2) NOT NULL,
  `size` varchar(5) NOT NULL,
  `age` varchar(7) NOT NULL,
  `hasCase` tinyint(1) NOT NULL,
  `hasBow` tinyint(1) NOT NULL,
  PRIMARY KEY (`advertID`),
  KEY `userPK` (`userPK`),
  CONSTRAINT `userPK` FOREIGN KEY (`userPK`) REFERENCES `Users` (`userID`)
) ENGINE=InnoDB AUTO_INCREMENT=213 DEFAULT CHARSET=latin1;
/*!40101 SET character_set_client = @saved_cs_client */;

--
-- Dumping data for table `Adverts`
--

LOCK TABLES `Adverts` WRITE;
/*!40000 ALTER TABLE `Adverts` DISABLE KEYS */;
INSERT INTO `Adverts` VALUES (114,1,'Test: 0','Lorem ipsum dolor sit amet, consectetur adipiscing elit. Fusce imperdiet odio vitae faucibus pretium. Phasellus dictum nisi lobortis, venenatis augue eu, pretium dolor. Curabitur sit amet bibendum erat. Ut vel aliquet lectus. Fusce lacus velit, venenatis in est non, lobortis sagittis odio. Morbi id enim pellentesque, varius sapien nec, accumsan nisi. Nullam et arcu hendrerit, molestie lacus sit amet, convallis eros. Aliquam pulvinar bibendum molestie. Curabitur velit risus, blandit a mi eu, sagittis ornare orci. Nam pharetra, leo quis tincidunt porttitor, lorem leo sollicitudin dui, sit amet finibus ligula enim at turpis. In sollicitudin finibus nisi, ut posuere augue scelerisque iaculis. Proin non aliquet nisl. Phasellus feugiat, sem rhoncus mattis auctor, sem nisl vestibulum orci, et consectetur est nulla id nulla. ','bass','2018-02-15',525.00,'1/2','>10',0,0),(115,1,'Test: 1','Lorem ipsum dolor sit amet, consectetur adipiscing elit. Fusce imperdiet odio vitae faucibus pretium. Phasellus dictum nisi lobortis, venenatis augue eu, pretium dolor. Curabitur sit amet bibendum erat. Ut vel aliquet lectus. Fusce lacus velit, venenatis in est non, lobortis sagittis odio. Morbi id enim pellentesque, varius sapien nec, accumsan nisi. Nullam et arcu hendrerit, molestie lacus sit amet, convallis eros. Aliquam pulvinar bibendum molestie. Curabitur velit risus, blandit a mi eu, sagittis ornare orci. Nam pharetra, leo quis tincidunt porttitor, lorem leo sollicitudin dui, sit amet finibus ligula enim at turpis. In sollicitudin finibus nisi, ut posuere augue scelerisque iaculis. Proin non aliquet nisl. Phasellus feugiat, sem rhoncus mattis auctor, sem nisl vestibulum orci, et consectetur est nulla id nulla. ','accessory','2018-02-15',0.00,'0','>10',0,0),(116,1,'Test: 2','Lorem ipsum dolor sit amet, consectetur adipiscing elit. Fusce imperdiet odio vitae faucibus pretium. Phasellus dictum nisi lobortis, venenatis augue eu, pretium dolor. Curabitur sit amet bibendum erat. Ut vel aliquet lectus. Fusce lacus velit, venenatis in est non, lobortis sagittis odio. Morbi id enim pellentesque, varius sapien nec, accumsan nisi. Nullam et arcu hendrerit, molestie lacus sit amet, convallis eros. Aliquam pulvinar bibendum molestie. Curabitur velit risus, blandit a mi eu, sagittis ornare orci. Nam pharetra, leo quis tincidunt porttitor, lorem leo sollicitudin dui, sit amet finibus ligula enim at turpis. In sollicitudin finibus nisi, ut posuere augue scelerisque iaculis. Proin non aliquet nisl. Phasellus feugiat, sem rhoncus mattis auctor, sem nisl vestibulum orci, et consectetur est nulla id nulla. ','bass','2018-02-15',686.00,'4/4','unknown',0,1),(117,1,'Test: 3','Lorem ipsum dolor sit amet, consectetur adipiscing elit. Fusce imperdiet odio vitae faucibus pretium. Phasellus dictum nisi lobortis, venenatis augue eu, pretium dolor. Curabitur sit amet bibendum erat. Ut vel aliquet lectus. Fusce lacus velit, venenatis in est non, lobortis sagittis odio. Morbi id enim pellentesque, varius sapien nec, accumsan nisi. Nullam et arcu hendrerit, molestie lacus sit amet, convallis eros. Aliquam pulvinar bibendum molestie. Curabitur velit risus, blandit a mi eu, sagittis ornare orci. Nam pharetra, leo quis tincidunt porttitor, lorem leo sollicitudin dui, sit amet finibus ligula enim at turpis. In sollicitudin finibus nisi, ut posuere augue scelerisque iaculis. Proin non aliquet nisl. Phasellus feugiat, sem rhoncus mattis auctor, sem nisl vestibulum orci, et consectetur est nulla id nulla. ','viola','2018-02-15',554.00,'1/8','>100',1,0),(118,1,'Test: 4','Lorem ipsum dolor sit amet, consectetur adipiscing elit. Fusce imperdiet odio vitae faucibus pretium. Phasellus dictum nisi lobortis, venenatis augue eu, pretium dolor. Curabitur sit amet bibendum erat. Ut vel aliquet lectus. Fusce lacus velit, venenatis in est non, lobortis sagittis odio. Morbi id enim pellentesque, varius sapien nec, accumsan nisi. Nullam et arcu hendrerit, molestie lacus sit amet, convallis eros. Aliquam pulvinar bibendum molestie. Curabitur velit risus, blandit a mi eu, sagittis ornare orci. Nam pharetra, leo quis tincidunt porttitor, lorem leo sollicitudin dui, sit amet finibus ligula enim at turpis. In sollicitudin finibus nisi, ut posuere augue scelerisque iaculis. Proin non aliquet nisl. Phasellus feugiat, sem rhoncus mattis auctor, sem nisl vestibulum orci, et consectetur est nulla id nulla. ','violin','2018-02-15',449.00,'1/16','<50',0,0),(119,1,'Test: 5','Lorem ipsum dolor sit amet, consectetur adipiscing elit. Fusce imperdiet odio vitae faucibus pretium. Phasellus dictum nisi lobortis, venenatis augue eu, pretium dolor. Curabitur sit amet bibendum erat. Ut vel aliquet lectus. Fusce lacus velit, venenatis in est non, lobortis sagittis odio. Morbi id enim pellentesque, varius sapien nec, accumsan nisi. Nullam et arcu hendrerit, molestie lacus sit amet, convallis eros. Aliquam pulvinar bibendum molestie. Curabitur velit risus, blandit a mi eu, sagittis ornare orci. Nam pharetra, leo quis tincidunt porttitor, lorem leo sollicitudin dui, sit amet finibus ligula enim at turpis. In sollicitudin finibus nisi, ut posuere augue scelerisque iaculis. Proin non aliquet nisl. Phasellus feugiat, sem rhoncus mattis auctor, sem nisl vestibulum orci, et consectetur est nulla id nulla. ','music','2018-02-15',668.00,'3/4','unknown',1,0),(120,1,'Test: 6','Lorem ipsum dolor sit amet, consectetur adipiscing elit. Fusce imperdiet odio vitae faucibus pretium. Phasellus dictum nisi lobortis, venenatis augue eu, pretium dolor. Curabitur sit amet bibendum erat. Ut vel aliquet lectus. Fusce lacus velit, venenatis in est non, lobortis sagittis odio. Morbi id enim pellentesque, varius sapien nec, accumsan nisi. Nullam et arcu hendrerit, molestie lacus sit amet, convallis eros. Aliquam pulvinar bibendum molestie. Curabitur velit risus, blandit a mi eu, sagittis ornare orci. Nam pharetra, leo quis tincidunt porttitor, lorem leo sollicitudin dui, sit amet finibus ligula enim at turpis. In sollicitudin finibus nisi, ut posuere augue scelerisque iaculis. Proin non aliquet nisl. Phasellus feugiat, sem rhoncus mattis auctor, sem nisl vestibulum orci, et consectetur est nulla id nulla. ','accessory','2018-02-15',700.00,'1/8','>100',0,0),(121,1,'Test: 7','Lorem ipsum dolor sit amet, consectetur adipiscing elit. Fusce imperdiet odio vitae faucibus pretium. Phasellus dictum nisi lobortis, venenatis augue eu, pretium dolor. Curabitur sit amet bibendum erat. Ut vel aliquet lectus. Fusce lacus velit, venenatis in est non, lobortis sagittis odio. Morbi id enim pellentesque, varius sapien nec, accumsan nisi. Nullam et arcu hendrerit, molestie lacus sit amet, convallis eros. Aliquam pulvinar bibendum molestie. Curabitur velit risus, blandit a mi eu, sagittis ornare orci. Nam pharetra, leo quis tincidunt porttitor, lorem leo sollicitudin dui, sit amet finibus ligula enim at turpis. In sollicitudin finibus nisi, ut posuere augue scelerisque iaculis. Proin non aliquet nisl. Phasellus feugiat, sem rhoncus mattis auctor, sem nisl vestibulum orci, et consectetur est nulla id nulla. ','accessory','2018-02-15',773.00,'0','<50',1,0),(122,1,'Test: 8','Lorem ipsum dolor sit amet, consectetur adipiscing elit. Fusce imperdiet odio vitae faucibus pretium. Phasellus dictum nisi lobortis, venenatis augue eu, pretium dolor. Curabitur sit amet bibendum erat. Ut vel aliquet lectus. Fusce lacus velit, venenatis in est non, lobortis sagittis odio. Morbi id enim pellentesque, varius sapien nec, accumsan nisi. Nullam et arcu hendrerit, molestie lacus sit amet, convallis eros. Aliquam pulvinar bibendum molestie. Curabitur velit risus, blandit a mi eu, sagittis ornare orci. Nam pharetra, leo quis tincidunt porttitor, lorem leo sollicitudin dui, sit amet finibus ligula enim at turpis. In sollicitudin finibus nisi, ut posuere augue scelerisque iaculis. Proin non aliquet nisl. Phasellus feugiat, sem rhoncus mattis auctor, sem nisl vestibulum orci, et consectetur est nulla id nulla. ','music','2018-02-15',501.00,'1/16','>10',1,1),(123,1,'Test: 9','Lorem ipsum dolor sit amet, consectetur adipiscing elit. Fusce imperdiet odio vitae faucibus pretium. Phasellus dictum nisi lobortis, venenatis augue eu, pretium dolor. Curabitur sit amet bibendum erat. Ut vel aliquet lectus. Fusce lacus velit, venenatis in est non, lobortis sagittis odio. Morbi id enim pellentesque, varius sapien nec, accumsan nisi. Nullam et arcu hendrerit, molestie lacus sit amet, convallis eros. Aliquam pulvinar bibendum molestie. Curabitur velit risus, blandit a mi eu, sagittis ornare orci. Nam pharetra, leo quis tincidunt porttitor, lorem leo sollicitudin dui, sit amet finibus ligula enim at turpis. In sollicitudin finibus nisi, ut posuere augue scelerisque iaculis. Proin non aliquet nisl. Phasellus feugiat, sem rhoncus mattis auctor, sem nisl vestibulum orci, et consectetur est nulla id nulla. ','accessory','2018-02-15',106.00,'1/2','<100',1,0),(124,1,'Test: 10','Lorem ipsum dolor sit amet, consectetur adipiscing elit. Fusce imperdiet odio vitae faucibus pretium. Phasellus dictum nisi lobortis, venenatis augue eu, pretium dolor. Curabitur sit amet bibendum erat. Ut vel aliquet lectus. Fusce lacus velit, venenatis in est non, lobortis sagittis odio. Morbi id enim pellentesque, varius sapien nec, accumsan nisi. Nullam et arcu hendrerit, molestie lacus sit amet, convallis eros. Aliquam pulvinar bibendum molestie. Curabitur velit risus, blandit a mi eu, sagittis ornare orci. Nam pharetra, leo quis tincidunt porttitor, lorem leo sollicitudin dui, sit amet finibus ligula enim at turpis. In sollicitudin finibus nisi, ut posuere augue scelerisque iaculis. Proin non aliquet nisl. Phasellus feugiat, sem rhoncus mattis auctor, sem nisl vestibulum orci, et consectetur est nulla id nulla. ','music','2018-02-15',761.00,'1/8','>100',0,1),(125,1,'Test: 11','Lorem ipsum dolor sit amet, consectetur adipiscing elit. Fusce imperdiet odio vitae faucibus pretium. Phasellus dictum nisi lobortis, venenatis augue eu, pretium dolor. Curabitur sit amet bibendum erat. Ut vel aliquet lectus. Fusce lacus velit, venenatis in est non, lobortis sagittis odio. Morbi id enim pellentesque, varius sapien nec, accumsan nisi. Nullam et arcu hendrerit, molestie lacus sit amet, convallis eros. Aliquam pulvinar bibendum molestie. Curabitur velit risus, blandit a mi eu, sagittis ornare orci. Nam pharetra, leo quis tincidunt porttitor, lorem leo sollicitudin dui, sit amet finibus ligula enim at turpis. In sollicitudin finibus nisi, ut posuere augue scelerisque iaculis. Proin non aliquet nisl. Phasellus feugiat, sem rhoncus mattis auctor, sem nisl vestibulum orci, et consectetur est nulla id nulla. ','cello','2018-02-15',831.00,'1/16','<100',1,0),(126,1,'Test: 12','Lorem ipsum dolor sit amet, consectetur adipiscing elit. Fusce imperdiet odio vitae faucibus pretium. Phasellus dictum nisi lobortis, venenatis augue eu, pretium dolor. Curabitur sit amet bibendum erat. Ut vel aliquet lectus. Fusce lacus velit, venenatis in est non, lobortis sagittis odio. Morbi id enim pellentesque, varius sapien nec, accumsan nisi. Nullam et arcu hendrerit, molestie lacus sit amet, convallis eros. Aliquam pulvinar bibendum molestie. Curabitur velit risus, blandit a mi eu, sagittis ornare orci. Nam pharetra, leo quis tincidunt porttitor, lorem leo sollicitudin dui, sit amet finibus ligula enim at turpis. In sollicitudin finibus nisi, ut posuere augue scelerisque iaculis. Proin non aliquet nisl. Phasellus feugiat, sem rhoncus mattis auctor, sem nisl vestibulum orci, et consectetur est nulla id nulla. ','accessory','2018-02-15',773.00,'1/16','>100',0,0),(127,1,'Test: 13','Lorem ipsum dolor sit amet, consectetur adipiscing elit. Fusce imperdiet odio vitae faucibus pretium. Phasellus dictum nisi lobortis, venenatis augue eu, pretium dolor. Curabitur sit amet bibendum erat. Ut vel aliquet lectus. Fusce lacus velit, venenatis in est non, lobortis sagittis odio. Morbi id enim pellentesque, varius sapien nec, accumsan nisi. Nullam et arcu hendrerit, molestie lacus sit amet, convallis eros. Aliquam pulvinar bibendum molestie. Curabitur velit risus, blandit a mi eu, sagittis ornare orci. Nam pharetra, leo quis tincidunt porttitor, lorem leo sollicitudin dui, sit amet finibus ligula enim at turpis. In sollicitudin finibus nisi, ut posuere augue scelerisque iaculis. Proin non aliquet nisl. Phasellus feugiat, sem rhoncus mattis auctor, sem nisl vestibulum orci, et consectetur est nulla id nulla. ','violin','2018-02-15',772.00,'0','new',1,1),(128,1,'Test: 14','Lorem ipsum dolor sit amet, consectetur adipiscing elit. Fusce imperdiet odio vitae faucibus pretium. Phasellus dictum nisi lobortis, venenatis augue eu, pretium dolor. Curabitur sit amet bibendum erat. Ut vel aliquet lectus. Fusce lacus velit, venenatis in est non, lobortis sagittis odio. Morbi id enim pellentesque, varius sapien nec, accumsan nisi. Nullam et arcu hendrerit, molestie lacus sit amet, convallis eros. Aliquam pulvinar bibendum molestie. Curabitur velit risus, blandit a mi eu, sagittis ornare orci. Nam pharetra, leo quis tincidunt porttitor, lorem leo sollicitudin dui, sit amet finibus ligula enim at turpis. In sollicitudin finibus nisi, ut posuere augue scelerisque iaculis. Proin non aliquet nisl. Phasellus feugiat, sem rhoncus mattis auctor, sem nisl vestibulum orci, et consectetur est nulla id nulla. ','accessory','2018-02-15',595.00,'0','new',1,0),(129,1,'Test: 15','Lorem ipsum dolor sit amet, consectetur adipiscing elit. Fusce imperdiet odio vitae faucibus pretium. Phasellus dictum nisi lobortis, venenatis augue eu, pretium dolor. Curabitur sit amet bibendum erat. Ut vel aliquet lectus. Fusce lacus velit, venenatis in est non, lobortis sagittis odio. Morbi id enim pellentesque, varius sapien nec, accumsan nisi. Nullam et arcu hendrerit, molestie lacus sit amet, convallis eros. Aliquam pulvinar bibendum molestie. Curabitur velit risus, blandit a mi eu, sagittis ornare orci. Nam pharetra, leo quis tincidunt porttitor, lorem leo sollicitudin dui, sit amet finibus ligula enim at turpis. In sollicitudin finibus nisi, ut posuere augue scelerisque iaculis. Proin non aliquet nisl. Phasellus feugiat, sem rhoncus mattis auctor, sem nisl vestibulum orci, et consectetur est nulla id nulla. ','accessory','2018-02-15',165.00,'0','<10',0,0),(130,1,'Test: 16','Lorem ipsum dolor sit amet, consectetur adipiscing elit. Fusce imperdiet odio vitae faucibus pretium. Phasellus dictum nisi lobortis, venenatis augue eu, pretium dolor. Curabitur sit amet bibendum erat. Ut vel aliquet lectus. Fusce lacus velit, venenatis in est non, lobortis sagittis odio. Morbi id enim pellentesque, varius sapien nec, accumsan nisi. Nullam et arcu hendrerit, molestie lacus sit amet, convallis eros. Aliquam pulvinar bibendum molestie. Curabitur velit risus, blandit a mi eu, sagittis ornare orci. Nam pharetra, leo quis tincidunt porttitor, lorem leo sollicitudin dui, sit amet finibus ligula enim at turpis. In sollicitudin finibus nisi, ut posuere augue scelerisque iaculis. Proin non aliquet nisl. Phasellus feugiat, sem rhoncus mattis auctor, sem nisl vestibulum orci, et consectetur est nulla id nulla. ','cello','2018-02-15',90.00,'1/8','>10',0,1),(131,1,'Test: 17','Lorem ipsum dolor sit amet, consectetur adipiscing elit. Fusce imperdiet odio vitae faucibus pretium. Phasellus dictum nisi lobortis, venenatis augue eu, pretium dolor. Curabitur sit amet bibendum erat. Ut vel aliquet lectus. Fusce lacus velit, venenatis in est non, lobortis sagittis odio. Morbi id enim pellentesque, varius sapien nec, accumsan nisi. Nullam et arcu hendrerit, molestie lacus sit amet, convallis eros. Aliquam pulvinar bibendum molestie. Curabitur velit risus, blandit a mi eu, sagittis ornare orci. Nam pharetra, leo quis tincidunt porttitor, lorem leo sollicitudin dui, sit amet finibus ligula enim at turpis. In sollicitudin finibus nisi, ut posuere augue scelerisque iaculis. Proin non aliquet nisl. Phasellus feugiat, sem rhoncus mattis auctor, sem nisl vestibulum orci, et consectetur est nulla id nulla. ','accessory','2018-02-15',144.00,'3/4','unknown',0,0),(132,1,'Test: 18','Lorem ipsum dolor sit amet, consectetur adipiscing elit. Fusce imperdiet odio vitae faucibus pretium. Phasellus dictum nisi lobortis, venenatis augue eu, pretium dolor. Curabitur sit amet bibendum erat. Ut vel aliquet lectus. Fusce lacus velit, venenatis in est non, lobortis sagittis odio. Morbi id enim pellentesque, varius sapien nec, accumsan nisi. Nullam et arcu hendrerit, molestie lacus sit amet, convallis eros. Aliquam pulvinar bibendum molestie. Curabitur velit risus, blandit a mi eu, sagittis ornare orci. Nam pharetra, leo quis tincidunt porttitor, lorem leo sollicitudin dui, sit amet finibus ligula enim at turpis. In sollicitudin finibus nisi, ut posuere augue scelerisque iaculis. Proin non aliquet nisl. Phasellus feugiat, sem rhoncus mattis auctor, sem nisl vestibulum orci, et consectetur est nulla id nulla. ','accessory','2018-02-15',576.00,'0','<100',1,1),(133,1,'Test: 19','Lorem ipsum dolor sit amet, consectetur adipiscing elit. Fusce imperdiet odio vitae faucibus pretium. Phasellus dictum nisi lobortis, venenatis augue eu, pretium dolor. Curabitur sit amet bibendum erat. Ut vel aliquet lectus. Fusce lacus velit, venenatis in est non, lobortis sagittis odio. Morbi id enim pellentesque, varius sapien nec, accumsan nisi. Nullam et arcu hendrerit, molestie lacus sit amet, convallis eros. Aliquam pulvinar bibendum molestie. Curabitur velit risus, blandit a mi eu, sagittis ornare orci. Nam pharetra, leo quis tincidunt porttitor, lorem leo sollicitudin dui, sit amet finibus ligula enim at turpis. In sollicitudin finibus nisi, ut posuere augue scelerisque iaculis. Proin non aliquet nisl. Phasellus feugiat, sem rhoncus mattis auctor, sem nisl vestibulum orci, et consectetur est nulla id nulla. ','cello','2018-02-15',484.00,'1/16','new',0,1),(134,1,'Test: 20','Lorem ipsum dolor sit amet, consectetur adipiscing elit. Fusce imperdiet odio vitae faucibus pretium. Phasellus dictum nisi lobortis, venenatis augue eu, pretium dolor. Curabitur sit amet bibendum erat. Ut vel aliquet lectus. Fusce lacus velit, venenatis in est non, lobortis sagittis odio. Morbi id enim pellentesque, varius sapien nec, accumsan nisi. Nullam et arcu hendrerit, molestie lacus sit amet, convallis eros. Aliquam pulvinar bibendum molestie. Curabitur velit risus, blandit a mi eu, sagittis ornare orci. Nam pharetra, leo quis tincidunt porttitor, lorem leo sollicitudin dui, sit amet finibus ligula enim at turpis. In sollicitudin finibus nisi, ut posuere augue scelerisque iaculis. Proin non aliquet nisl. Phasellus feugiat, sem rhoncus mattis auctor, sem nisl vestibulum orci, et consectetur est nulla id nulla. ','cello','2018-02-15',852.00,'1/16','<10',0,1),(135,1,'Test: 21','Lorem ipsum dolor sit amet, consectetur adipiscing elit. Fusce imperdiet odio vitae faucibus pretium. Phasellus dictum nisi lobortis, venenatis augue eu, pretium dolor. Curabitur sit amet bibendum erat. Ut vel aliquet lectus. Fusce lacus velit, venenatis in est non, lobortis sagittis odio. Morbi id enim pellentesque, varius sapien nec, accumsan nisi. Nullam et arcu hendrerit, molestie lacus sit amet, convallis eros. Aliquam pulvinar bibendum molestie. Curabitur velit risus, blandit a mi eu, sagittis ornare orci. Nam pharetra, leo quis tincidunt porttitor, lorem leo sollicitudin dui, sit amet finibus ligula enim at turpis. In sollicitudin finibus nisi, ut posuere augue scelerisque iaculis. Proin non aliquet nisl. Phasellus feugiat, sem rhoncus mattis auctor, sem nisl vestibulum orci, et consectetur est nulla id nulla. ','music','2018-02-15',732.00,'4/4','>100',1,0),(136,1,'Test: 22','Lorem ipsum dolor sit amet, consectetur adipiscing elit. Fusce imperdiet odio vitae faucibus pretium. Phasellus dictum nisi lobortis, venenatis augue eu, pretium dolor. Curabitur sit amet bibendum erat. Ut vel aliquet lectus. Fusce lacus velit, venenatis in est non, lobortis sagittis odio. Morbi id enim pellentesque, varius sapien nec, accumsan nisi. Nullam et arcu hendrerit, molestie lacus sit amet, convallis eros. Aliquam pulvinar bibendum molestie. Curabitur velit risus, blandit a mi eu, sagittis ornare orci. Nam pharetra, leo quis tincidunt porttitor, lorem leo sollicitudin dui, sit amet finibus ligula enim at turpis. In sollicitudin finibus nisi, ut posuere augue scelerisque iaculis. Proin non aliquet nisl. Phasellus feugiat, sem rhoncus mattis auctor, sem nisl vestibulum orci, et consectetur est nulla id nulla. ','music','2018-02-15',807.00,'1/8','new',0,0),(137,1,'Test: 23','Lorem ipsum dolor sit amet, consectetur adipiscing elit. Fusce imperdiet odio vitae faucibus pretium. Phasellus dictum nisi lobortis, venenatis augue eu, pretium dolor. Curabitur sit amet bibendum erat. Ut vel aliquet lectus. Fusce lacus velit, venenatis in est non, lobortis sagittis odio. Morbi id enim pellentesque, varius sapien nec, accumsan nisi. Nullam et arcu hendrerit, molestie lacus sit amet, convallis eros. Aliquam pulvinar bibendum molestie. Curabitur velit risus, blandit a mi eu, sagittis ornare orci. Nam pharetra, leo quis tincidunt porttitor, lorem leo sollicitudin dui, sit amet finibus ligula enim at turpis. In sollicitudin finibus nisi, ut posuere augue scelerisque iaculis. Proin non aliquet nisl. Phasellus feugiat, sem rhoncus mattis auctor, sem nisl vestibulum orci, et consectetur est nulla id nulla. ','accessory','2018-02-15',153.00,'1/16','>10',0,0),(138,1,'Test: 24','Lorem ipsum dolor sit amet, consectetur adipiscing elit. Fusce imperdiet odio vitae faucibus pretium. Phasellus dictum nisi lobortis, venenatis augue eu, pretium dolor. Curabitur sit amet bibendum erat. Ut vel aliquet lectus. Fusce lacus velit, venenatis in est non, lobortis sagittis odio. Morbi id enim pellentesque, varius sapien nec, accumsan nisi. Nullam et arcu hendrerit, molestie lacus sit amet, convallis eros. Aliquam pulvinar bibendum molestie. Curabitur velit risus, blandit a mi eu, sagittis ornare orci. Nam pharetra, leo quis tincidunt porttitor, lorem leo sollicitudin dui, sit amet finibus ligula enim at turpis. In sollicitudin finibus nisi, ut posuere augue scelerisque iaculis. Proin non aliquet nisl. Phasellus feugiat, sem rhoncus mattis auctor, sem nisl vestibulum orci, et consectetur est nulla id nulla. ','cello','2018-02-15',69.00,'1/64','unknown',0,1),(139,1,'Test: 25','Lorem ipsum dolor sit amet, consectetur adipiscing elit. Fusce imperdiet odio vitae faucibus pretium. Phasellus dictum nisi lobortis, venenatis augue eu, pretium dolor. Curabitur sit amet bibendum erat. Ut vel aliquet lectus. Fusce lacus velit, venenatis in est non, lobortis sagittis odio. Morbi id enim pellentesque, varius sapien nec, accumsan nisi. Nullam et arcu hendrerit, molestie lacus sit amet, convallis eros. Aliquam pulvinar bibendum molestie. Curabitur velit risus, blandit a mi eu, sagittis ornare orci. Nam pharetra, leo quis tincidunt porttitor, lorem leo sollicitudin dui, sit amet finibus ligula enim at turpis. In sollicitudin finibus nisi, ut posuere augue scelerisque iaculis. Proin non aliquet nisl. Phasellus feugiat, sem rhoncus mattis auctor, sem nisl vestibulum orci, et consectetur est nulla id nulla. ','accessory','2018-02-15',128.00,'4/4','<10',1,0),(140,1,'Test: 26','Lorem ipsum dolor sit amet, consectetur adipiscing elit. Fusce imperdiet odio vitae faucibus pretium. Phasellus dictum nisi lobortis, venenatis augue eu, pretium dolor. Curabitur sit amet bibendum erat. Ut vel aliquet lectus. Fusce lacus velit, venenatis in est non, lobortis sagittis odio. Morbi id enim pellentesque, varius sapien nec, accumsan nisi. Nullam et arcu hendrerit, molestie lacus sit amet, convallis eros. Aliquam pulvinar bibendum molestie. Curabitur velit risus, blandit a mi eu, sagittis ornare orci. Nam pharetra, leo quis tincidunt porttitor, lorem leo sollicitudin dui, sit amet finibus ligula enim at turpis. In sollicitudin finibus nisi, ut posuere augue scelerisque iaculis. Proin non aliquet nisl. Phasellus feugiat, sem rhoncus mattis auctor, sem nisl vestibulum orci, et consectetur est nulla id nulla. ','viola','2018-02-15',605.00,'1/64','unknown',1,1),(141,1,'Test: 27','Lorem ipsum dolor sit amet, consectetur adipiscing elit. Fusce imperdiet odio vitae faucibus pretium. Phasellus dictum nisi lobortis, venenatis augue eu, pretium dolor. Curabitur sit amet bibendum erat. Ut vel aliquet lectus. Fusce lacus velit, venenatis in est non, lobortis sagittis odio. Morbi id enim pellentesque, varius sapien nec, accumsan nisi. Nullam et arcu hendrerit, molestie lacus sit amet, convallis eros. Aliquam pulvinar bibendum molestie. Curabitur velit risus, blandit a mi eu, sagittis ornare orci. Nam pharetra, leo quis tincidunt porttitor, lorem leo sollicitudin dui, sit amet finibus ligula enim at turpis. In sollicitudin finibus nisi, ut posuere augue scelerisque iaculis. Proin non aliquet nisl. Phasellus feugiat, sem rhoncus mattis auctor, sem nisl vestibulum orci, et consectetur est nulla id nulla. ','viola','2018-02-15',928.00,'4/4','<50',0,0),(142,1,'Test: 28','Lorem ipsum dolor sit amet, consectetur adipiscing elit. Fusce imperdiet odio vitae faucibus pretium. Phasellus dictum nisi lobortis, venenatis augue eu, pretium dolor. Curabitur sit amet bibendum erat. Ut vel aliquet lectus. Fusce lacus velit, venenatis in est non, lobortis sagittis odio. Morbi id enim pellentesque, varius sapien nec, accumsan nisi. Nullam et arcu hendrerit, molestie lacus sit amet, convallis eros. Aliquam pulvinar bibendum molestie. Curabitur velit risus, blandit a mi eu, sagittis ornare orci. Nam pharetra, leo quis tincidunt porttitor, lorem leo sollicitudin dui, sit amet finibus ligula enim at turpis. In sollicitudin finibus nisi, ut posuere augue scelerisque iaculis. Proin non aliquet nisl. Phasellus feugiat, sem rhoncus mattis auctor, sem nisl vestibulum orci, et consectetur est nulla id nulla. ','cello','2018-02-15',764.00,'3/4','>100',0,1),(143,1,'Test: 29','Lorem ipsum dolor sit amet, consectetur adipiscing elit. Fusce imperdiet odio vitae faucibus pretium. Phasellus dictum nisi lobortis, venenatis augue eu, pretium dolor. Curabitur sit amet bibendum erat. Ut vel aliquet lectus. Fusce lacus velit, venenatis in est non, lobortis sagittis odio. Morbi id enim pellentesque, varius sapien nec, accumsan nisi. Nullam et arcu hendrerit, molestie lacus sit amet, convallis eros. Aliquam pulvinar bibendum molestie. Curabitur velit risus, blandit a mi eu, sagittis ornare orci. Nam pharetra, leo quis tincidunt porttitor, lorem leo sollicitudin dui, sit amet finibus ligula enim at turpis. In sollicitudin finibus nisi, ut posuere augue scelerisque iaculis. Proin non aliquet nisl. Phasellus feugiat, sem rhoncus mattis auctor, sem nisl vestibulum orci, et consectetur est nulla id nulla. ','music','2018-02-15',736.00,'1/64','<50',1,0),(144,1,'Test: 30','Lorem ipsum dolor sit amet, consectetur adipiscing elit. Fusce imperdiet odio vitae faucibus pretium. Phasellus dictum nisi lobortis, venenatis augue eu, pretium dolor. Curabitur sit amet bibendum erat. Ut vel aliquet lectus. Fusce lacus velit, venenatis in est non, lobortis sagittis odio. Morbi id enim pellentesque, varius sapien nec, accumsan nisi. Nullam et arcu hendrerit, molestie lacus sit amet, convallis eros. Aliquam pulvinar bibendum molestie. Curabitur velit risus, blandit a mi eu, sagittis ornare orci. Nam pharetra, leo quis tincidunt porttitor, lorem leo sollicitudin dui, sit amet finibus ligula enim at turpis. In sollicitudin finibus nisi, ut posuere augue scelerisque iaculis. Proin non aliquet nisl. Phasellus feugiat, sem rhoncus mattis auctor, sem nisl vestibulum orci, et consectetur est nulla id nulla. ','violin','2018-02-15',961.00,'1/4','new',0,0),(145,1,'Test: 31','Lorem ipsum dolor sit amet, consectetur adipiscing elit. Fusce imperdiet odio vitae faucibus pretium. Phasellus dictum nisi lobortis, venenatis augue eu, pretium dolor. Curabitur sit amet bibendum erat. Ut vel aliquet lectus. Fusce lacus velit, venenatis in est non, lobortis sagittis odio. Morbi id enim pellentesque, varius sapien nec, accumsan nisi. Nullam et arcu hendrerit, molestie lacus sit amet, convallis eros. Aliquam pulvinar bibendum molestie. Curabitur velit risus, blandit a mi eu, sagittis ornare orci. Nam pharetra, leo quis tincidunt porttitor, lorem leo sollicitudin dui, sit amet finibus ligula enim at turpis. In sollicitudin finibus nisi, ut posuere augue scelerisque iaculis. Proin non aliquet nisl. Phasellus feugiat, sem rhoncus mattis auctor, sem nisl vestibulum orci, et consectetur est nulla id nulla. ','bass','2018-02-15',854.00,'1/16','>10',1,1),(146,1,'Test: 32','Lorem ipsum dolor sit amet, consectetur adipiscing elit. Fusce imperdiet odio vitae faucibus pretium. Phasellus dictum nisi lobortis, venenatis augue eu, pretium dolor. Curabitur sit amet bibendum erat. Ut vel aliquet lectus. Fusce lacus velit, venenatis in est non, lobortis sagittis odio. Morbi id enim pellentesque, varius sapien nec, accumsan nisi. Nullam et arcu hendrerit, molestie lacus sit amet, convallis eros. Aliquam pulvinar bibendum molestie. Curabitur velit risus, blandit a mi eu, sagittis ornare orci. Nam pharetra, leo quis tincidunt porttitor, lorem leo sollicitudin dui, sit amet finibus ligula enim at turpis. In sollicitudin finibus nisi, ut posuere augue scelerisque iaculis. Proin non aliquet nisl. Phasellus feugiat, sem rhoncus mattis auctor, sem nisl vestibulum orci, et consectetur est nulla id nulla. ','violin','2018-02-15',195.00,'1/64','unknown',1,0),(147,1,'Test: 33','Lorem ipsum dolor sit amet, consectetur adipiscing elit. Fusce imperdiet odio vitae faucibus pretium. Phasellus dictum nisi lobortis, venenatis augue eu, pretium dolor. Curabitur sit amet bibendum erat. Ut vel aliquet lectus. Fusce lacus velit, venenatis in est non, lobortis sagittis odio. Morbi id enim pellentesque, varius sapien nec, accumsan nisi. Nullam et arcu hendrerit, molestie lacus sit amet, convallis eros. Aliquam pulvinar bibendum molestie. Curabitur velit risus, blandit a mi eu, sagittis ornare orci. Nam pharetra, leo quis tincidunt porttitor, lorem leo sollicitudin dui, sit amet finibus ligula enim at turpis. In sollicitudin finibus nisi, ut posuere augue scelerisque iaculis. Proin non aliquet nisl. Phasellus feugiat, sem rhoncus mattis auctor, sem nisl vestibulum orci, et consectetur est nulla id nulla. ','music','2018-02-15',204.00,'1/64','unknown',0,1),(148,1,'Test: 34','Lorem ipsum dolor sit amet, consectetur adipiscing elit. Fusce imperdiet odio vitae faucibus pretium. Phasellus dictum nisi lobortis, venenatis augue eu, pretium dolor. Curabitur sit amet bibendum erat. Ut vel aliquet lectus. Fusce lacus velit, venenatis in est non, lobortis sagittis odio. Morbi id enim pellentesque, varius sapien nec, accumsan nisi. Nullam et arcu hendrerit, molestie lacus sit amet, convallis eros. Aliquam pulvinar bibendum molestie. Curabitur velit risus, blandit a mi eu, sagittis ornare orci. Nam pharetra, leo quis tincidunt porttitor, lorem leo sollicitudin dui, sit amet finibus ligula enim at turpis. In sollicitudin finibus nisi, ut posuere augue scelerisque iaculis. Proin non aliquet nisl. Phasellus feugiat, sem rhoncus mattis auctor, sem nisl vestibulum orci, et consectetur est nulla id nulla. ','violin','2018-02-15',269.00,'1/64','>100',0,1),(149,1,'Test: 35','Lorem ipsum dolor sit amet, consectetur adipiscing elit. Fusce imperdiet odio vitae faucibus pretium. Phasellus dictum nisi lobortis, venenatis augue eu, pretium dolor. Curabitur sit amet bibendum erat. Ut vel aliquet lectus. Fusce lacus velit, venenatis in est non, lobortis sagittis odio. Morbi id enim pellentesque, varius sapien nec, accumsan nisi. Nullam et arcu hendrerit, molestie lacus sit amet, convallis eros. Aliquam pulvinar bibendum molestie. Curabitur velit risus, blandit a mi eu, sagittis ornare orci. Nam pharetra, leo quis tincidunt porttitor, lorem leo sollicitudin dui, sit amet finibus ligula enim at turpis. In sollicitudin finibus nisi, ut posuere augue scelerisque iaculis. Proin non aliquet nisl. Phasellus feugiat, sem rhoncus mattis auctor, sem nisl vestibulum orci, et consectetur est nulla id nulla. ','viola','2018-02-15',888.00,'1/4','<10',0,0),(150,1,'Test: 36','Lorem ipsum dolor sit amet, consectetur adipiscing elit. Fusce imperdiet odio vitae faucibus pretium. Phasellus dictum nisi lobortis, venenatis augue eu, pretium dolor. Curabitur sit amet bibendum erat. Ut vel aliquet lectus. Fusce lacus velit, venenatis in est non, lobortis sagittis odio. Morbi id enim pellentesque, varius sapien nec, accumsan nisi. Nullam et arcu hendrerit, molestie lacus sit amet, convallis eros. Aliquam pulvinar bibendum molestie. Curabitur velit risus, blandit a mi eu, sagittis ornare orci. Nam pharetra, leo quis tincidunt porttitor, lorem leo sollicitudin dui, sit amet finibus ligula enim at turpis. In sollicitudin finibus nisi, ut posuere augue scelerisque iaculis. Proin non aliquet nisl. Phasellus feugiat, sem rhoncus mattis auctor, sem nisl vestibulum orci, et consectetur est nulla id nulla. ','accessory','2018-02-15',129.00,'1/8','new',1,1),(151,1,'Test: 37','Lorem ipsum dolor sit amet, consectetur adipiscing elit. Fusce imperdiet odio vitae faucibus pretium. Phasellus dictum nisi lobortis, venenatis augue eu, pretium dolor. Curabitur sit amet bibendum erat. Ut vel aliquet lectus. Fusce lacus velit, venenatis in est non, lobortis sagittis odio. Morbi id enim pellentesque, varius sapien nec, accumsan nisi. Nullam et arcu hendrerit, molestie lacus sit amet, convallis eros. Aliquam pulvinar bibendum molestie. Curabitur velit risus, blandit a mi eu, sagittis ornare orci. Nam pharetra, leo quis tincidunt porttitor, lorem leo sollicitudin dui, sit amet finibus ligula enim at turpis. In sollicitudin finibus nisi, ut posuere augue scelerisque iaculis. Proin non aliquet nisl. Phasellus feugiat, sem rhoncus mattis auctor, sem nisl vestibulum orci, et consectetur est nulla id nulla. ','viola','2018-02-15',664.00,'1/16','<50',0,1),(152,1,'Test: 38','Lorem ipsum dolor sit amet, consectetur adipiscing elit. Fusce imperdiet odio vitae faucibus pretium. Phasellus dictum nisi lobortis, venenatis augue eu, pretium dolor. Curabitur sit amet bibendum erat. Ut vel aliquet lectus. Fusce lacus velit, venenatis in est non, lobortis sagittis odio. Morbi id enim pellentesque, varius sapien nec, accumsan nisi. Nullam et arcu hendrerit, molestie lacus sit amet, convallis eros. Aliquam pulvinar bibendum molestie. Curabitur velit risus, blandit a mi eu, sagittis ornare orci. Nam pharetra, leo quis tincidunt porttitor, lorem leo sollicitudin dui, sit amet finibus ligula enim at turpis. In sollicitudin finibus nisi, ut posuere augue scelerisque iaculis. Proin non aliquet nisl. Phasellus feugiat, sem rhoncus mattis auctor, sem nisl vestibulum orci, et consectetur est nulla id nulla. ','violin','2018-02-15',963.00,'1/64','<10',0,1),(153,1,'Test: 39','Lorem ipsum dolor sit amet, consectetur adipiscing elit. Fusce imperdiet odio vitae faucibus pretium. Phasellus dictum nisi lobortis, venenatis augue eu, pretium dolor. Curabitur sit amet bibendum erat. Ut vel aliquet lectus. Fusce lacus velit, venenatis in est non, lobortis sagittis odio. Morbi id enim pellentesque, varius sapien nec, accumsan nisi. Nullam et arcu hendrerit, molestie lacus sit amet, convallis eros. Aliquam pulvinar bibendum molestie. Curabitur velit risus, blandit a mi eu, sagittis ornare orci. Nam pharetra, leo quis tincidunt porttitor, lorem leo sollicitudin dui, sit amet finibus ligula enim at turpis. In sollicitudin finibus nisi, ut posuere augue scelerisque iaculis. Proin non aliquet nisl. Phasellus feugiat, sem rhoncus mattis auctor, sem nisl vestibulum orci, et consectetur est nulla id nulla. ','violin','2018-02-15',297.00,'1/2','<100',1,0),(154,1,'Test: 40','Lorem ipsum dolor sit amet, consectetur adipiscing elit. Fusce imperdiet odio vitae faucibus pretium. Phasellus dictum nisi lobortis, venenatis augue eu, pretium dolor. Curabitur sit amet bibendum erat. Ut vel aliquet lectus. Fusce lacus velit, venenatis in est non, lobortis sagittis odio. Morbi id enim pellentesque, varius sapien nec, accumsan nisi. Nullam et arcu hendrerit, molestie lacus sit amet, convallis eros. Aliquam pulvinar bibendum molestie. Curabitur velit risus, blandit a mi eu, sagittis ornare orci. Nam pharetra, leo quis tincidunt porttitor, lorem leo sollicitudin dui, sit amet finibus ligula enim at turpis. In sollicitudin finibus nisi, ut posuere augue scelerisque iaculis. Proin non aliquet nisl. Phasellus feugiat, sem rhoncus mattis auctor, sem nisl vestibulum orci, et consectetur est nulla id nulla. ','violin','2018-02-15',164.00,'1/4','>10',1,0),(155,1,'Test: 41','Lorem ipsum dolor sit amet, consectetur adipiscing elit. Fusce imperdiet odio vitae faucibus pretium. Phasellus dictum nisi lobortis, venenatis augue eu, pretium dolor. Curabitur sit amet bibendum erat. Ut vel aliquet lectus. Fusce lacus velit, venenatis in est non, lobortis sagittis odio. Morbi id enim pellentesque, varius sapien nec, accumsan nisi. Nullam et arcu hendrerit, molestie lacus sit amet, convallis eros. Aliquam pulvinar bibendum molestie. Curabitur velit risus, blandit a mi eu, sagittis ornare orci. Nam pharetra, leo quis tincidunt porttitor, lorem leo sollicitudin dui, sit amet finibus ligula enim at turpis. In sollicitudin finibus nisi, ut posuere augue scelerisque iaculis. Proin non aliquet nisl. Phasellus feugiat, sem rhoncus mattis auctor, sem nisl vestibulum orci, et consectetur est nulla id nulla. ','music','2018-02-15',66.00,'1/16','<50',0,0),(156,1,'Test: 42','Lorem ipsum dolor sit amet, consectetur adipiscing elit. Fusce imperdiet odio vitae faucibus pretium. Phasellus dictum nisi lobortis, venenatis augue eu, pretium dolor. Curabitur sit amet bibendum erat. Ut vel aliquet lectus. Fusce lacus velit, venenatis in est non, lobortis sagittis odio. Morbi id enim pellentesque, varius sapien nec, accumsan nisi. Nullam et arcu hendrerit, molestie lacus sit amet, convallis eros. Aliquam pulvinar bibendum molestie. Curabitur velit risus, blandit a mi eu, sagittis ornare orci. Nam pharetra, leo quis tincidunt porttitor, lorem leo sollicitudin dui, sit amet finibus ligula enim at turpis. In sollicitudin finibus nisi, ut posuere augue scelerisque iaculis. Proin non aliquet nisl. Phasellus feugiat, sem rhoncus mattis auctor, sem nisl vestibulum orci, et consectetur est nulla id nulla. ','cello','2018-02-15',200.00,'4/4','>100',1,1),(157,1,'Test: 43','Lorem ipsum dolor sit amet, consectetur adipiscing elit. Fusce imperdiet odio vitae faucibus pretium. Phasellus dictum nisi lobortis, venenatis augue eu, pretium dolor. Curabitur sit amet bibendum erat. Ut vel aliquet lectus. Fusce lacus velit, venenatis in est non, lobortis sagittis odio. Morbi id enim pellentesque, varius sapien nec, accumsan nisi. Nullam et arcu hendrerit, molestie lacus sit amet, convallis eros. Aliquam pulvinar bibendum molestie. Curabitur velit risus, blandit a mi eu, sagittis ornare orci. Nam pharetra, leo quis tincidunt porttitor, lorem leo sollicitudin dui, sit amet finibus ligula enim at turpis. In sollicitudin finibus nisi, ut posuere augue scelerisque iaculis. Proin non aliquet nisl. Phasellus feugiat, sem rhoncus mattis auctor, sem nisl vestibulum orci, et consectetur est nulla id nulla. ','accessory','2018-02-15',583.00,'1/2','<100',1,0),(158,1,'Test: 44','Lorem ipsum dolor sit amet, consectetur adipiscing elit. Fusce imperdiet odio vitae faucibus pretium. Phasellus dictum nisi lobortis, venenatis augue eu, pretium dolor. Curabitur sit amet bibendum erat. Ut vel aliquet lectus. Fusce lacus velit, venenatis in est non, lobortis sagittis odio. Morbi id enim pellentesque, varius sapien nec, accumsan nisi. Nullam et arcu hendrerit, molestie lacus sit amet, convallis eros. Aliquam pulvinar bibendum molestie. Curabitur velit risus, blandit a mi eu, sagittis ornare orci. Nam pharetra, leo quis tincidunt porttitor, lorem leo sollicitudin dui, sit amet finibus ligula enim at turpis. In sollicitudin finibus nisi, ut posuere augue scelerisque iaculis. Proin non aliquet nisl. Phasellus feugiat, sem rhoncus mattis auctor, sem nisl vestibulum orci, et consectetur est nulla id nulla. ','music','2018-02-15',136.00,'4/4','<100',0,0),(159,1,'Test: 45','Lorem ipsum dolor sit amet, consectetur adipiscing elit. Fusce imperdiet odio vitae faucibus pretium. Phasellus dictum nisi lobortis, venenatis augue eu, pretium dolor. Curabitur sit amet bibendum erat. Ut vel aliquet lectus. Fusce lacus velit, venenatis in est non, lobortis sagittis odio. Morbi id enim pellentesque, varius sapien nec, accumsan nisi. Nullam et arcu hendrerit, molestie lacus sit amet, convallis eros. Aliquam pulvinar bibendum molestie. Curabitur velit risus, blandit a mi eu, sagittis ornare orci. Nam pharetra, leo quis tincidunt porttitor, lorem leo sollicitudin dui, sit amet finibus ligula enim at turpis. In sollicitudin finibus nisi, ut posuere augue scelerisque iaculis. Proin non aliquet nisl. Phasellus feugiat, sem rhoncus mattis auctor, sem nisl vestibulum orci, et consectetur est nulla id nulla. ','cello','2018-02-15',744.00,'1/16','<10',1,1),(160,1,'Test: 46','Lorem ipsum dolor sit amet, consectetur adipiscing elit. Fusce imperdiet odio vitae faucibus pretium. Phasellus dictum nisi lobortis, venenatis augue eu, pretium dolor. Curabitur sit amet bibendum erat. Ut vel aliquet lectus. Fusce lacus velit, venenatis in est non, lobortis sagittis odio. Morbi id enim pellentesque, varius sapien nec, accumsan nisi. Nullam et arcu hendrerit, molestie lacus sit amet, convallis eros. Aliquam pulvinar bibendum molestie. Curabitur velit risus, blandit a mi eu, sagittis ornare orci. Nam pharetra, leo quis tincidunt porttitor, lorem leo sollicitudin dui, sit amet finibus ligula enim at turpis. In sollicitudin finibus nisi, ut posuere augue scelerisque iaculis. Proin non aliquet nisl. Phasellus feugiat, sem rhoncus mattis auctor, sem nisl vestibulum orci, et consectetur est nulla id nulla. ','viola','2018-02-15',291.00,'0','<50',1,0),(161,1,'Test: 47','Lorem ipsum dolor sit amet, consectetur adipiscing elit. Fusce imperdiet odio vitae faucibus pretium. Phasellus dictum nisi lobortis, venenatis augue eu, pretium dolor. Curabitur sit amet bibendum erat. Ut vel aliquet lectus. Fusce lacus velit, venenatis in est non, lobortis sagittis odio. Morbi id enim pellentesque, varius sapien nec, accumsan nisi. Nullam et arcu hendrerit, molestie lacus sit amet, convallis eros. Aliquam pulvinar bibendum molestie. Curabitur velit risus, blandit a mi eu, sagittis ornare orci. Nam pharetra, leo quis tincidunt porttitor, lorem leo sollicitudin dui, sit amet finibus ligula enim at turpis. In sollicitudin finibus nisi, ut posuere augue scelerisque iaculis. Proin non aliquet nisl. Phasellus feugiat, sem rhoncus mattis auctor, sem nisl vestibulum orci, et consectetur est nulla id nulla. ','music','2018-02-15',309.00,'3/4','unknown',1,1),(162,1,'Test: 48','Lorem ipsum dolor sit amet, consectetur adipiscing elit. Fusce imperdiet odio vitae faucibus pretium. Phasellus dictum nisi lobortis, venenatis augue eu, pretium dolor. Curabitur sit amet bibendum erat. Ut vel aliquet lectus. Fusce lacus velit, venenatis in est non, lobortis sagittis odio. Morbi id enim pellentesque, varius sapien nec, accumsan nisi. Nullam et arcu hendrerit, molestie lacus sit amet, convallis eros. Aliquam pulvinar bibendum molestie. Curabitur velit risus, blandit a mi eu, sagittis ornare orci. Nam pharetra, leo quis tincidunt porttitor, lorem leo sollicitudin dui, sit amet finibus ligula enim at turpis. In sollicitudin finibus nisi, ut posuere augue scelerisque iaculis. Proin non aliquet nisl. Phasellus feugiat, sem rhoncus mattis auctor, sem nisl vestibulum orci, et consectetur est nulla id nulla. ','viola','2018-02-15',370.00,'1/64','new',0,1),(163,1,'Test: 49','Lorem ipsum dolor sit amet, consectetur adipiscing elit. Fusce imperdiet odio vitae faucibus pretium. Phasellus dictum nisi lobortis, venenatis augue eu, pretium dolor. Curabitur sit amet bibendum erat. Ut vel aliquet lectus. Fusce lacus velit, venenatis in est non, lobortis sagittis odio. Morbi id enim pellentesque, varius sapien nec, accumsan nisi. Nullam et arcu hendrerit, molestie lacus sit amet, convallis eros. Aliquam pulvinar bibendum molestie. Curabitur velit risus, blandit a mi eu, sagittis ornare orci. Nam pharetra, leo quis tincidunt porttitor, lorem leo sollicitudin dui, sit amet finibus ligula enim at turpis. In sollicitudin finibus nisi, ut posuere augue scelerisque iaculis. Proin non aliquet nisl. Phasellus feugiat, sem rhoncus mattis auctor, sem nisl vestibulum orci, et consectetur est nulla id nulla. ','violin','2018-02-15',758.00,'1/8','>10',0,0),(164,1,'Test: 50','Lorem ipsum dolor sit amet, consectetur adipiscing elit. Fusce imperdiet odio vitae faucibus pretium. Phasellus dictum nisi lobortis, venenatis augue eu, pretium dolor. Curabitur sit amet bibendum erat. Ut vel aliquet lectus. Fusce lacus velit, venenatis in est non, lobortis sagittis odio. Morbi id enim pellentesque, varius sapien nec, accumsan nisi. Nullam et arcu hendrerit, molestie lacus sit amet, convallis eros. Aliquam pulvinar bibendum molestie. Curabitur velit risus, blandit a mi eu, sagittis ornare orci. Nam pharetra, leo quis tincidunt porttitor, lorem leo sollicitudin dui, sit amet finibus ligula enim at turpis. In sollicitudin finibus nisi, ut posuere augue scelerisque iaculis. Proin non aliquet nisl. Phasellus feugiat, sem rhoncus mattis auctor, sem nisl vestibulum orci, et consectetur est nulla id nulla. ','accessory','2018-02-15',752.00,'1/8','unknown',0,1),(165,1,'Test: 51','Lorem ipsum dolor sit amet, consectetur adipiscing elit. Fusce imperdiet odio vitae faucibus pretium. Phasellus dictum nisi lobortis, venenatis augue eu, pretium dolor. Curabitur sit amet bibendum erat. Ut vel aliquet lectus. Fusce lacus velit, venenatis in est non, lobortis sagittis odio. Morbi id enim pellentesque, varius sapien nec, accumsan nisi. Nullam et arcu hendrerit, molestie lacus sit amet, convallis eros. Aliquam pulvinar bibendum molestie. Curabitur velit risus, blandit a mi eu, sagittis ornare orci. Nam pharetra, leo quis tincidunt porttitor, lorem leo sollicitudin dui, sit amet finibus ligula enim at turpis. In sollicitudin finibus nisi, ut posuere augue scelerisque iaculis. Proin non aliquet nisl. Phasellus feugiat, sem rhoncus mattis auctor, sem nisl vestibulum orci, et consectetur est nulla id nulla. ','violin','2018-02-15',234.00,'1/8','>10',1,1),(166,1,'Test: 52','Lorem ipsum dolor sit amet, consectetur adipiscing elit. Fusce imperdiet odio vitae faucibus pretium. Phasellus dictum nisi lobortis, venenatis augue eu, pretium dolor. Curabitur sit amet bibendum erat. Ut vel aliquet lectus. Fusce lacus velit, venenatis in est non, lobortis sagittis odio. Morbi id enim pellentesque, varius sapien nec, accumsan nisi. Nullam et arcu hendrerit, molestie lacus sit amet, convallis eros. Aliquam pulvinar bibendum molestie. Curabitur velit risus, blandit a mi eu, sagittis ornare orci. Nam pharetra, leo quis tincidunt porttitor, lorem leo sollicitudin dui, sit amet finibus ligula enim at turpis. In sollicitudin finibus nisi, ut posuere augue scelerisque iaculis. Proin non aliquet nisl. Phasellus feugiat, sem rhoncus mattis auctor, sem nisl vestibulum orci, et consectetur est nulla id nulla. ','music','2018-02-15',292.00,'1/16','>10',1,1),(167,1,'Test: 53','Lorem ipsum dolor sit amet, consectetur adipiscing elit. Fusce imperdiet odio vitae faucibus pretium. Phasellus dictum nisi lobortis, venenatis augue eu, pretium dolor. Curabitur sit amet bibendum erat. Ut vel aliquet lectus. Fusce lacus velit, venenatis in est non, lobortis sagittis odio. Morbi id enim pellentesque, varius sapien nec, accumsan nisi. Nullam et arcu hendrerit, molestie lacus sit amet, convallis eros. Aliquam pulvinar bibendum molestie. Curabitur velit risus, blandit a mi eu, sagittis ornare orci. Nam pharetra, leo quis tincidunt porttitor, lorem leo sollicitudin dui, sit amet finibus ligula enim at turpis. In sollicitudin finibus nisi, ut posuere augue scelerisque iaculis. Proin non aliquet nisl. Phasellus feugiat, sem rhoncus mattis auctor, sem nisl vestibulum orci, et consectetur est nulla id nulla. ','violin','2018-02-15',137.00,'1/4','<50',1,0),(168,1,'Test: 54','Lorem ipsum dolor sit amet, consectetur adipiscing elit. Fusce imperdiet odio vitae faucibus pretium. Phasellus dictum nisi lobortis, venenatis augue eu, pretium dolor. Curabitur sit amet bibendum erat. Ut vel aliquet lectus. Fusce lacus velit, venenatis in est non, lobortis sagittis odio. Morbi id enim pellentesque, varius sapien nec, accumsan nisi. Nullam et arcu hendrerit, molestie lacus sit amet, convallis eros. Aliquam pulvinar bibendum molestie. Curabitur velit risus, blandit a mi eu, sagittis ornare orci. Nam pharetra, leo quis tincidunt porttitor, lorem leo sollicitudin dui, sit amet finibus ligula enim at turpis. In sollicitudin finibus nisi, ut posuere augue scelerisque iaculis. Proin non aliquet nisl. Phasellus feugiat, sem rhoncus mattis auctor, sem nisl vestibulum orci, et consectetur est nulla id nulla. ','cello','2018-02-15',64.00,'1/4','>10',1,0),(169,1,'Test: 55','Lorem ipsum dolor sit amet, consectetur adipiscing elit. Fusce imperdiet odio vitae faucibus pretium. Phasellus dictum nisi lobortis, venenatis augue eu, pretium dolor. Curabitur sit amet bibendum erat. Ut vel aliquet lectus. Fusce lacus velit, venenatis in est non, lobortis sagittis odio. Morbi id enim pellentesque, varius sapien nec, accumsan nisi. Nullam et arcu hendrerit, molestie lacus sit amet, convallis eros. Aliquam pulvinar bibendum molestie. Curabitur velit risus, blandit a mi eu, sagittis ornare orci. Nam pharetra, leo quis tincidunt porttitor, lorem leo sollicitudin dui, sit amet finibus ligula enim at turpis. In sollicitudin finibus nisi, ut posuere augue scelerisque iaculis. Proin non aliquet nisl. Phasellus feugiat, sem rhoncus mattis auctor, sem nisl vestibulum orci, et consectetur est nulla id nulla. ','cello','2018-02-15',349.00,'4/4','unknown',1,0),(170,1,'Test: 56','Lorem ipsum dolor sit amet, consectetur adipiscing elit. Fusce imperdiet odio vitae faucibus pretium. Phasellus dictum nisi lobortis, venenatis augue eu, pretium dolor. Curabitur sit amet bibendum erat. Ut vel aliquet lectus. Fusce lacus velit, venenatis in est non, lobortis sagittis odio. Morbi id enim pellentesque, varius sapien nec, accumsan nisi. Nullam et arcu hendrerit, molestie lacus sit amet, convallis eros. Aliquam pulvinar bibendum molestie. Curabitur velit risus, blandit a mi eu, sagittis ornare orci. Nam pharetra, leo quis tincidunt porttitor, lorem leo sollicitudin dui, sit amet finibus ligula enim at turpis. In sollicitudin finibus nisi, ut posuere augue scelerisque iaculis. Proin non aliquet nisl. Phasellus feugiat, sem rhoncus mattis auctor, sem nisl vestibulum orci, et consectetur est nulla id nulla. ','accessory','2018-02-15',589.00,'1/8','unknown',0,0),(171,1,'Test: 57','Lorem ipsum dolor sit amet, consectetur adipiscing elit. Fusce imperdiet odio vitae faucibus pretium. Phasellus dictum nisi lobortis, venenatis augue eu, pretium dolor. Curabitur sit amet bibendum erat. Ut vel aliquet lectus. Fusce lacus velit, venenatis in est non, lobortis sagittis odio. Morbi id enim pellentesque, varius sapien nec, accumsan nisi. Nullam et arcu hendrerit, molestie lacus sit amet, convallis eros. Aliquam pulvinar bibendum molestie. Curabitur velit risus, blandit a mi eu, sagittis ornare orci. Nam pharetra, leo quis tincidunt porttitor, lorem leo sollicitudin dui, sit amet finibus ligula enim at turpis. In sollicitudin finibus nisi, ut posuere augue scelerisque iaculis. Proin non aliquet nisl. Phasellus feugiat, sem rhoncus mattis auctor, sem nisl vestibulum orci, et consectetur est nulla id nulla. ','accessory','2018-02-15',978.00,'1/64','<10',1,1),(172,1,'Test: 58','Lorem ipsum dolor sit amet, consectetur adipiscing elit. Fusce imperdiet odio vitae faucibus pretium. Phasellus dictum nisi lobortis, venenatis augue eu, pretium dolor. Curabitur sit amet bibendum erat. Ut vel aliquet lectus. Fusce lacus velit, venenatis in est non, lobortis sagittis odio. Morbi id enim pellentesque, varius sapien nec, accumsan nisi. Nullam et arcu hendrerit, molestie lacus sit amet, convallis eros. Aliquam pulvinar bibendum molestie. Curabitur velit risus, blandit a mi eu, sagittis ornare orci. Nam pharetra, leo quis tincidunt porttitor, lorem leo sollicitudin dui, sit amet finibus ligula enim at turpis. In sollicitudin finibus nisi, ut posuere augue scelerisque iaculis. Proin non aliquet nisl. Phasellus feugiat, sem rhoncus mattis auctor, sem nisl vestibulum orci, et consectetur est nulla id nulla. ','viola','2018-02-15',627.00,'0','<10',0,1),(173,1,'Test: 59','Lorem ipsum dolor sit amet, consectetur adipiscing elit. Fusce imperdiet odio vitae faucibus pretium. Phasellus dictum nisi lobortis, venenatis augue eu, pretium dolor. Curabitur sit amet bibendum erat. Ut vel aliquet lectus. Fusce lacus velit, venenatis in est non, lobortis sagittis odio. Morbi id enim pellentesque, varius sapien nec, accumsan nisi. Nullam et arcu hendrerit, molestie lacus sit amet, convallis eros. Aliquam pulvinar bibendum molestie. Curabitur velit risus, blandit a mi eu, sagittis ornare orci. Nam pharetra, leo quis tincidunt porttitor, lorem leo sollicitudin dui, sit amet finibus ligula enim at turpis. In sollicitudin finibus nisi, ut posuere augue scelerisque iaculis. Proin non aliquet nisl. Phasellus feugiat, sem rhoncus mattis auctor, sem nisl vestibulum orci, et consectetur est nulla id nulla. ','viola','2018-02-15',522.00,'4/4','<100',1,0),(174,1,'Test: 60','Lorem ipsum dolor sit amet, consectetur adipiscing elit. Fusce imperdiet odio vitae faucibus pretium. Phasellus dictum nisi lobortis, venenatis augue eu, pretium dolor. Curabitur sit amet bibendum erat. Ut vel aliquet lectus. Fusce lacus velit, venenatis in est non, lobortis sagittis odio. Morbi id enim pellentesque, varius sapien nec, accumsan nisi. Nullam et arcu hendrerit, molestie lacus sit amet, convallis eros. Aliquam pulvinar bibendum molestie. Curabitur velit risus, blandit a mi eu, sagittis ornare orci. Nam pharetra, leo quis tincidunt porttitor, lorem leo sollicitudin dui, sit amet finibus ligula enim at turpis. In sollicitudin finibus nisi, ut posuere augue scelerisque iaculis. Proin non aliquet nisl. Phasellus feugiat, sem rhoncus mattis auctor, sem nisl vestibulum orci, et consectetur est nulla id nulla. ','music','2018-02-15',93.00,'1/64','>10',0,0),(175,1,'Test: 61','Lorem ipsum dolor sit amet, consectetur adipiscing elit. Fusce imperdiet odio vitae faucibus pretium. Phasellus dictum nisi lobortis, venenatis augue eu, pretium dolor. Curabitur sit amet bibendum erat. Ut vel aliquet lectus. Fusce lacus velit, venenatis in est non, lobortis sagittis odio. Morbi id enim pellentesque, varius sapien nec, accumsan nisi. Nullam et arcu hendrerit, molestie lacus sit amet, convallis eros. Aliquam pulvinar bibendum molestie. Curabitur velit risus, blandit a mi eu, sagittis ornare orci. Nam pharetra, leo quis tincidunt porttitor, lorem leo sollicitudin dui, sit amet finibus ligula enim at turpis. In sollicitudin finibus nisi, ut posuere augue scelerisque iaculis. Proin non aliquet nisl. Phasellus feugiat, sem rhoncus mattis auctor, sem nisl vestibulum orci, et consectetur est nulla id nulla. ','accessory','2018-02-15',659.00,'4/4','<50',1,1),(176,1,'Test: 62','Lorem ipsum dolor sit amet, consectetur adipiscing elit. Fusce imperdiet odio vitae faucibus pretium. Phasellus dictum nisi lobortis, venenatis augue eu, pretium dolor. Curabitur sit amet bibendum erat. Ut vel aliquet lectus. Fusce lacus velit, venenatis in est non, lobortis sagittis odio. Morbi id enim pellentesque, varius sapien nec, accumsan nisi. Nullam et arcu hendrerit, molestie lacus sit amet, convallis eros. Aliquam pulvinar bibendum molestie. Curabitur velit risus, blandit a mi eu, sagittis ornare orci. Nam pharetra, leo quis tincidunt porttitor, lorem leo sollicitudin dui, sit amet finibus ligula enim at turpis. In sollicitudin finibus nisi, ut posuere augue scelerisque iaculis. Proin non aliquet nisl. Phasellus feugiat, sem rhoncus mattis auctor, sem nisl vestibulum orci, et consectetur est nulla id nulla. ','violin','2018-02-15',910.00,'4/4','unknown',1,1),(177,1,'Test: 63','Lorem ipsum dolor sit amet, consectetur adipiscing elit. Fusce imperdiet odio vitae faucibus pretium. Phasellus dictum nisi lobortis, venenatis augue eu, pretium dolor. Curabitur sit amet bibendum erat. Ut vel aliquet lectus. Fusce lacus velit, venenatis in est non, lobortis sagittis odio. Morbi id enim pellentesque, varius sapien nec, accumsan nisi. Nullam et arcu hendrerit, molestie lacus sit amet, convallis eros. Aliquam pulvinar bibendum molestie. Curabitur velit risus, blandit a mi eu, sagittis ornare orci. Nam pharetra, leo quis tincidunt porttitor, lorem leo sollicitudin dui, sit amet finibus ligula enim at turpis. In sollicitudin finibus nisi, ut posuere augue scelerisque iaculis. Proin non aliquet nisl. Phasellus feugiat, sem rhoncus mattis auctor, sem nisl vestibulum orci, et consectetur est nulla id nulla. ','viola','2018-02-15',371.00,'0','<50',1,0),(178,1,'Test: 64','Lorem ipsum dolor sit amet, consectetur adipiscing elit. Fusce imperdiet odio vitae faucibus pretium. Phasellus dictum nisi lobortis, venenatis augue eu, pretium dolor. Curabitur sit amet bibendum erat. Ut vel aliquet lectus. Fusce lacus velit, venenatis in est non, lobortis sagittis odio. Morbi id enim pellentesque, varius sapien nec, accumsan nisi. Nullam et arcu hendrerit, molestie lacus sit amet, convallis eros. Aliquam pulvinar bibendum molestie. Curabitur velit risus, blandit a mi eu, sagittis ornare orci. Nam pharetra, leo quis tincidunt porttitor, lorem leo sollicitudin dui, sit amet finibus ligula enim at turpis. In sollicitudin finibus nisi, ut posuere augue scelerisque iaculis. Proin non aliquet nisl. Phasellus feugiat, sem rhoncus mattis auctor, sem nisl vestibulum orci, et consectetur est nulla id nulla. ','violin','2018-02-15',353.00,'3/4','<50',0,0),(179,1,'Test: 65','Lorem ipsum dolor sit amet, consectetur adipiscing elit. Fusce imperdiet odio vitae faucibus pretium. Phasellus dictum nisi lobortis, venenatis augue eu, pretium dolor. Curabitur sit amet bibendum erat. Ut vel aliquet lectus. Fusce lacus velit, venenatis in est non, lobortis sagittis odio. Morbi id enim pellentesque, varius sapien nec, accumsan nisi. Nullam et arcu hendrerit, molestie lacus sit amet, convallis eros. Aliquam pulvinar bibendum molestie. Curabitur velit risus, blandit a mi eu, sagittis ornare orci. Nam pharetra, leo quis tincidunt porttitor, lorem leo sollicitudin dui, sit amet finibus ligula enim at turpis. In sollicitudin finibus nisi, ut posuere augue scelerisque iaculis. Proin non aliquet nisl. Phasellus feugiat, sem rhoncus mattis auctor, sem nisl vestibulum orci, et consectetur est nulla id nulla. ','music','2018-02-15',866.00,'0','>10',1,1),(180,1,'Test: 66','Lorem ipsum dolor sit amet, consectetur adipiscing elit. Fusce imperdiet odio vitae faucibus pretium. Phasellus dictum nisi lobortis, venenatis augue eu, pretium dolor. Curabitur sit amet bibendum erat. Ut vel aliquet lectus. Fusce lacus velit, venenatis in est non, lobortis sagittis odio. Morbi id enim pellentesque, varius sapien nec, accumsan nisi. Nullam et arcu hendrerit, molestie lacus sit amet, convallis eros. Aliquam pulvinar bibendum molestie. Curabitur velit risus, blandit a mi eu, sagittis ornare orci. Nam pharetra, leo quis tincidunt porttitor, lorem leo sollicitudin dui, sit amet finibus ligula enim at turpis. In sollicitudin finibus nisi, ut posuere augue scelerisque iaculis. Proin non aliquet nisl. Phasellus feugiat, sem rhoncus mattis auctor, sem nisl vestibulum orci, et consectetur est nulla id nulla. ','violin','2018-02-15',270.00,'1/64','<10',1,1),(181,1,'Test: 67','Lorem ipsum dolor sit amet, consectetur adipiscing elit. Fusce imperdiet odio vitae faucibus pretium. Phasellus dictum nisi lobortis, venenatis augue eu, pretium dolor. Curabitur sit amet bibendum erat. Ut vel aliquet lectus. Fusce lacus velit, venenatis in est non, lobortis sagittis odio. Morbi id enim pellentesque, varius sapien nec, accumsan nisi. Nullam et arcu hendrerit, molestie lacus sit amet, convallis eros. Aliquam pulvinar bibendum molestie. Curabitur velit risus, blandit a mi eu, sagittis ornare orci. Nam pharetra, leo quis tincidunt porttitor, lorem leo sollicitudin dui, sit amet finibus ligula enim at turpis. In sollicitudin finibus nisi, ut posuere augue scelerisque iaculis. Proin non aliquet nisl. Phasellus feugiat, sem rhoncus mattis auctor, sem nisl vestibulum orci, et consectetur est nulla id nulla. ','accessory','2018-02-15',144.00,'1/64','new',0,1),(182,1,'Test: 68','Lorem ipsum dolor sit amet, consectetur adipiscing elit. Fusce imperdiet odio vitae faucibus pretium. Phasellus dictum nisi lobortis, venenatis augue eu, pretium dolor. Curabitur sit amet bibendum erat. Ut vel aliquet lectus. Fusce lacus velit, venenatis in est non, lobortis sagittis odio. Morbi id enim pellentesque, varius sapien nec, accumsan nisi. Nullam et arcu hendrerit, molestie lacus sit amet, convallis eros. Aliquam pulvinar bibendum molestie. Curabitur velit risus, blandit a mi eu, sagittis ornare orci. Nam pharetra, leo quis tincidunt porttitor, lorem leo sollicitudin dui, sit amet finibus ligula enim at turpis. In sollicitudin finibus nisi, ut posuere augue scelerisque iaculis. Proin non aliquet nisl. Phasellus feugiat, sem rhoncus mattis auctor, sem nisl vestibulum orci, et consectetur est nulla id nulla. ','bass','2018-02-15',656.00,'0','unknown',1,1),(183,1,'Test: 69','Lorem ipsum dolor sit amet, consectetur adipiscing elit. Fusce imperdiet odio vitae faucibus pretium. Phasellus dictum nisi lobortis, venenatis augue eu, pretium dolor. Curabitur sit amet bibendum erat. Ut vel aliquet lectus. Fusce lacus velit, venenatis in est non, lobortis sagittis odio. Morbi id enim pellentesque, varius sapien nec, accumsan nisi. Nullam et arcu hendrerit, molestie lacus sit amet, convallis eros. Aliquam pulvinar bibendum molestie. Curabitur velit risus, blandit a mi eu, sagittis ornare orci. Nam pharetra, leo quis tincidunt porttitor, lorem leo sollicitudin dui, sit amet finibus ligula enim at turpis. In sollicitudin finibus nisi, ut posuere augue scelerisque iaculis. Proin non aliquet nisl. Phasellus feugiat, sem rhoncus mattis auctor, sem nisl vestibulum orci, et consectetur est nulla id nulla. ','violin','2018-02-15',260.00,'4/4','unknown',0,0),(184,1,'Test: 70','Lorem ipsum dolor sit amet, consectetur adipiscing elit. Fusce imperdiet odio vitae faucibus pretium. Phasellus dictum nisi lobortis, venenatis augue eu, pretium dolor. Curabitur sit amet bibendum erat. Ut vel aliquet lectus. Fusce lacus velit, venenatis in est non, lobortis sagittis odio. Morbi id enim pellentesque, varius sapien nec, accumsan nisi. Nullam et arcu hendrerit, molestie lacus sit amet, convallis eros. Aliquam pulvinar bibendum molestie. Curabitur velit risus, blandit a mi eu, sagittis ornare orci. Nam pharetra, leo quis tincidunt porttitor, lorem leo sollicitudin dui, sit amet finibus ligula enim at turpis. In sollicitudin finibus nisi, ut posuere augue scelerisque iaculis. Proin non aliquet nisl. Phasellus feugiat, sem rhoncus mattis auctor, sem nisl vestibulum orci, et consectetur est nulla id nulla. ','bass','2018-02-15',610.00,'0','>10',0,0),(185,1,'Test: 71','Lorem ipsum dolor sit amet, consectetur adipiscing elit. Fusce imperdiet odio vitae faucibus pretium. Phasellus dictum nisi lobortis, venenatis augue eu, pretium dolor. Curabitur sit amet bibendum erat. Ut vel aliquet lectus. Fusce lacus velit, venenatis in est non, lobortis sagittis odio. Morbi id enim pellentesque, varius sapien nec, accumsan nisi. Nullam et arcu hendrerit, molestie lacus sit amet, convallis eros. Aliquam pulvinar bibendum molestie. Curabitur velit risus, blandit a mi eu, sagittis ornare orci. Nam pharetra, leo quis tincidunt porttitor, lorem leo sollicitudin dui, sit amet finibus ligula enim at turpis. In sollicitudin finibus nisi, ut posuere augue scelerisque iaculis. Proin non aliquet nisl. Phasellus feugiat, sem rhoncus mattis auctor, sem nisl vestibulum orci, et consectetur est nulla id nulla. ','violin','2018-02-15',857.00,'1/64','<50',0,0),(186,1,'Test: 72','Lorem ipsum dolor sit amet, consectetur adipiscing elit. Fusce imperdiet odio vitae faucibus pretium. Phasellus dictum nisi lobortis, venenatis augue eu, pretium dolor. Curabitur sit amet bibendum erat. Ut vel aliquet lectus. Fusce lacus velit, venenatis in est non, lobortis sagittis odio. Morbi id enim pellentesque, varius sapien nec, accumsan nisi. Nullam et arcu hendrerit, molestie lacus sit amet, convallis eros. Aliquam pulvinar bibendum molestie. Curabitur velit risus, blandit a mi eu, sagittis ornare orci. Nam pharetra, leo quis tincidunt porttitor, lorem leo sollicitudin dui, sit amet finibus ligula enim at turpis. In sollicitudin finibus nisi, ut posuere augue scelerisque iaculis. Proin non aliquet nisl. Phasellus feugiat, sem rhoncus mattis auctor, sem nisl vestibulum orci, et consectetur est nulla id nulla. ','viola','2018-02-15',505.00,'1/16','<100',0,0),(187,1,'Test: 73','Lorem ipsum dolor sit amet, consectetur adipiscing elit. Fusce imperdiet odio vitae faucibus pretium. Phasellus dictum nisi lobortis, venenatis augue eu, pretium dolor. Curabitur sit amet bibendum erat. Ut vel aliquet lectus. Fusce lacus velit, venenatis in est non, lobortis sagittis odio. Morbi id enim pellentesque, varius sapien nec, accumsan nisi. Nullam et arcu hendrerit, molestie lacus sit amet, convallis eros. Aliquam pulvinar bibendum molestie. Curabitur velit risus, blandit a mi eu, sagittis ornare orci. Nam pharetra, leo quis tincidunt porttitor, lorem leo sollicitudin dui, sit amet finibus ligula enim at turpis. In sollicitudin finibus nisi, ut posuere augue scelerisque iaculis. Proin non aliquet nisl. Phasellus feugiat, sem rhoncus mattis auctor, sem nisl vestibulum orci, et consectetur est nulla id nulla. ','bass','2018-02-15',241.00,'1/4','>10',0,1),(188,1,'Test: 74','Lorem ipsum dolor sit amet, consectetur adipiscing elit. Fusce imperdiet odio vitae faucibus pretium. Phasellus dictum nisi lobortis, venenatis augue eu, pretium dolor. Curabitur sit amet bibendum erat. Ut vel aliquet lectus. Fusce lacus velit, venenatis in est non, lobortis sagittis odio. Morbi id enim pellentesque, varius sapien nec, accumsan nisi. Nullam et arcu hendrerit, molestie lacus sit amet, convallis eros. Aliquam pulvinar bibendum molestie. Curabitur velit risus, blandit a mi eu, sagittis ornare orci. Nam pharetra, leo quis tincidunt porttitor, lorem leo sollicitudin dui, sit amet finibus ligula enim at turpis. In sollicitudin finibus nisi, ut posuere augue scelerisque iaculis. Proin non aliquet nisl. Phasellus feugiat, sem rhoncus mattis auctor, sem nisl vestibulum orci, et consectetur est nulla id nulla. ','music','2018-02-15',535.00,'1/8','<10',0,0),(189,1,'Test: 75','Lorem ipsum dolor sit amet, consectetur adipiscing elit. Fusce imperdiet odio vitae faucibus pretium. Phasellus dictum nisi lobortis, venenatis augue eu, pretium dolor. Curabitur sit amet bibendum erat. Ut vel aliquet lectus. Fusce lacus velit, venenatis in est non, lobortis sagittis odio. Morbi id enim pellentesque, varius sapien nec, accumsan nisi. Nullam et arcu hendrerit, molestie lacus sit amet, convallis eros. Aliquam pulvinar bibendum molestie. Curabitur velit risus, blandit a mi eu, sagittis ornare orci. Nam pharetra, leo quis tincidunt porttitor, lorem leo sollicitudin dui, sit amet finibus ligula enim at turpis. In sollicitudin finibus nisi, ut posuere augue scelerisque iaculis. Proin non aliquet nisl. Phasellus feugiat, sem rhoncus mattis auctor, sem nisl vestibulum orci, et consectetur est nulla id nulla. ','cello','2018-02-15',251.00,'1/4','<10',0,1),(190,1,'Test: 76','Lorem ipsum dolor sit amet, consectetur adipiscing elit. Fusce imperdiet odio vitae faucibus pretium. Phasellus dictum nisi lobortis, venenatis augue eu, pretium dolor. Curabitur sit amet bibendum erat. Ut vel aliquet lectus. Fusce lacus velit, venenatis in est non, lobortis sagittis odio. Morbi id enim pellentesque, varius sapien nec, accumsan nisi. Nullam et arcu hendrerit, molestie lacus sit amet, convallis eros. Aliquam pulvinar bibendum molestie. Curabitur velit risus, blandit a mi eu, sagittis ornare orci. Nam pharetra, leo quis tincidunt porttitor, lorem leo sollicitudin dui, sit amet finibus ligula enim at turpis. In sollicitudin finibus nisi, ut posuere augue scelerisque iaculis. Proin non aliquet nisl. Phasellus feugiat, sem rhoncus mattis auctor, sem nisl vestibulum orci, et consectetur est nulla id nulla. ','viola','2018-02-15',350.00,'3/4','unknown',1,0),(191,1,'Test: 77','Lorem ipsum dolor sit amet, consectetur adipiscing elit. Fusce imperdiet odio vitae faucibus pretium. Phasellus dictum nisi lobortis, venenatis augue eu, pretium dolor. Curabitur sit amet bibendum erat. Ut vel aliquet lectus. Fusce lacus velit, venenatis in est non, lobortis sagittis odio. Morbi id enim pellentesque, varius sapien nec, accumsan nisi. Nullam et arcu hendrerit, molestie lacus sit amet, convallis eros. Aliquam pulvinar bibendum molestie. Curabitur velit risus, blandit a mi eu, sagittis ornare orci. Nam pharetra, leo quis tincidunt porttitor, lorem leo sollicitudin dui, sit amet finibus ligula enim at turpis. In sollicitudin finibus nisi, ut posuere augue scelerisque iaculis. Proin non aliquet nisl. Phasellus feugiat, sem rhoncus mattis auctor, sem nisl vestibulum orci, et consectetur est nulla id nulla. ','cello','2018-02-15',601.00,'1/16','unknown',0,1),(192,1,'Test: 78','Lorem ipsum dolor sit amet, consectetur adipiscing elit. Fusce imperdiet odio vitae faucibus pretium. Phasellus dictum nisi lobortis, venenatis augue eu, pretium dolor. Curabitur sit amet bibendum erat. Ut vel aliquet lectus. Fusce lacus velit, venenatis in est non, lobortis sagittis odio. Morbi id enim pellentesque, varius sapien nec, accumsan nisi. Nullam et arcu hendrerit, molestie lacus sit amet, convallis eros. Aliquam pulvinar bibendum molestie. Curabitur velit risus, blandit a mi eu, sagittis ornare orci. Nam pharetra, leo quis tincidunt porttitor, lorem leo sollicitudin dui, sit amet finibus ligula enim at turpis. In sollicitudin finibus nisi, ut posuere augue scelerisque iaculis. Proin non aliquet nisl. Phasellus feugiat, sem rhoncus mattis auctor, sem nisl vestibulum orci, et consectetur est nulla id nulla. ','music','2018-02-15',96.00,'1/64','<100',1,1),(193,1,'Test: 79','Lorem ipsum dolor sit amet, consectetur adipiscing elit. Fusce imperdiet odio vitae faucibus pretium. Phasellus dictum nisi lobortis, venenatis augue eu, pretium dolor. Curabitur sit amet bibendum erat. Ut vel aliquet lectus. Fusce lacus velit, venenatis in est non, lobortis sagittis odio. Morbi id enim pellentesque, varius sapien nec, accumsan nisi. Nullam et arcu hendrerit, molestie lacus sit amet, convallis eros. Aliquam pulvinar bibendum molestie. Curabitur velit risus, blandit a mi eu, sagittis ornare orci. Nam pharetra, leo quis tincidunt porttitor, lorem leo sollicitudin dui, sit amet finibus ligula enim at turpis. In sollicitudin finibus nisi, ut posuere augue scelerisque iaculis. Proin non aliquet nisl. Phasellus feugiat, sem rhoncus mattis auctor, sem nisl vestibulum orci, et consectetur est nulla id nulla. ','accessory','2018-02-15',853.00,'4/4','unknown',0,0),(194,1,'Test: 80','Lorem ipsum dolor sit amet, consectetur adipiscing elit. Fusce imperdiet odio vitae faucibus pretium. Phasellus dictum nisi lobortis, venenatis augue eu, pretium dolor. Curabitur sit amet bibendum erat. Ut vel aliquet lectus. Fusce lacus velit, venenatis in est non, lobortis sagittis odio. Morbi id enim pellentesque, varius sapien nec, accumsan nisi. Nullam et arcu hendrerit, molestie lacus sit amet, convallis eros. Aliquam pulvinar bibendum molestie. Curabitur velit risus, blandit a mi eu, sagittis ornare orci. Nam pharetra, leo quis tincidunt porttitor, lorem leo sollicitudin dui, sit amet finibus ligula enim at turpis. In sollicitudin finibus nisi, ut posuere augue scelerisque iaculis. Proin non aliquet nisl. Phasellus feugiat, sem rhoncus mattis auctor, sem nisl vestibulum orci, et consectetur est nulla id nulla. ','music','2018-02-15',100.00,'1/16','unknown',0,1),(195,1,'Test: 81','Lorem ipsum dolor sit amet, consectetur adipiscing elit. Fusce imperdiet odio vitae faucibus pretium. Phasellus dictum nisi lobortis, venenatis augue eu, pretium dolor. Curabitur sit amet bibendum erat. Ut vel aliquet lectus. Fusce lacus velit, venenatis in est non, lobortis sagittis odio. Morbi id enim pellentesque, varius sapien nec, accumsan nisi. Nullam et arcu hendrerit, molestie lacus sit amet, convallis eros. Aliquam pulvinar bibendum molestie. Curabitur velit risus, blandit a mi eu, sagittis ornare orci. Nam pharetra, leo quis tincidunt porttitor, lorem leo sollicitudin dui, sit amet finibus ligula enim at turpis. In sollicitudin finibus nisi, ut posuere augue scelerisque iaculis. Proin non aliquet nisl. Phasellus feugiat, sem rhoncus mattis auctor, sem nisl vestibulum orci, et consectetur est nulla id nulla. ','viola','2018-02-15',571.00,'1/64','<50',1,0),(196,1,'Test: 82','Lorem ipsum dolor sit amet, consectetur adipiscing elit. Fusce imperdiet odio vitae faucibus pretium. Phasellus dictum nisi lobortis, venenatis augue eu, pretium dolor. Curabitur sit amet bibendum erat. Ut vel aliquet lectus. Fusce lacus velit, venenatis in est non, lobortis sagittis odio. Morbi id enim pellentesque, varius sapien nec, accumsan nisi. Nullam et arcu hendrerit, molestie lacus sit amet, convallis eros. Aliquam pulvinar bibendum molestie. Curabitur velit risus, blandit a mi eu, sagittis ornare orci. Nam pharetra, leo quis tincidunt porttitor, lorem leo sollicitudin dui, sit amet finibus ligula enim at turpis. In sollicitudin finibus nisi, ut posuere augue scelerisque iaculis. Proin non aliquet nisl. Phasellus feugiat, sem rhoncus mattis auctor, sem nisl vestibulum orci, et consectetur est nulla id nulla. ','bass','2018-02-15',248.00,'0','<100',1,1),(197,1,'Test: 83','Lorem ipsum dolor sit amet, consectetur adipiscing elit. Fusce imperdiet odio vitae faucibus pretium. Phasellus dictum nisi lobortis, venenatis augue eu, pretium dolor. Curabitur sit amet bibendum erat. Ut vel aliquet lectus. Fusce lacus velit, venenatis in est non, lobortis sagittis odio. Morbi id enim pellentesque, varius sapien nec, accumsan nisi. Nullam et arcu hendrerit, molestie lacus sit amet, convallis eros. Aliquam pulvinar bibendum molestie. Curabitur velit risus, blandit a mi eu, sagittis ornare orci. Nam pharetra, leo quis tincidunt porttitor, lorem leo sollicitudin dui, sit amet finibus ligula enim at turpis. In sollicitudin finibus nisi, ut posuere augue scelerisque iaculis. Proin non aliquet nisl. Phasellus feugiat, sem rhoncus mattis auctor, sem nisl vestibulum orci, et consectetur est nulla id nulla. ','cello','2018-02-15',688.00,'3/4','>10',1,1),(198,1,'Test: 84','Lorem ipsum dolor sit amet, consectetur adipiscing elit. Fusce imperdiet odio vitae faucibus pretium. Phasellus dictum nisi lobortis, venenatis augue eu, pretium dolor. Curabitur sit amet bibendum erat. Ut vel aliquet lectus. Fusce lacus velit, venenatis in est non, lobortis sagittis odio. Morbi id enim pellentesque, varius sapien nec, accumsan nisi. Nullam et arcu hendrerit, molestie lacus sit amet, convallis eros. Aliquam pulvinar bibendum molestie. Curabitur velit risus, blandit a mi eu, sagittis ornare orci. Nam pharetra, leo quis tincidunt porttitor, lorem leo sollicitudin dui, sit amet finibus ligula enim at turpis. In sollicitudin finibus nisi, ut posuere augue scelerisque iaculis. Proin non aliquet nisl. Phasellus feugiat, sem rhoncus mattis auctor, sem nisl vestibulum orci, et consectetur est nulla id nulla. ','accessory','2018-02-15',873.00,'1/64','>100',0,0),(199,1,'Test: 85','Lorem ipsum dolor sit amet, consectetur adipiscing elit. Fusce imperdiet odio vitae faucibus pretium. Phasellus dictum nisi lobortis, venenatis augue eu, pretium dolor. Curabitur sit amet bibendum erat. Ut vel aliquet lectus. Fusce lacus velit, venenatis in est non, lobortis sagittis odio. Morbi id enim pellentesque, varius sapien nec, accumsan nisi. Nullam et arcu hendrerit, molestie lacus sit amet, convallis eros. Aliquam pulvinar bibendum molestie. Curabitur velit risus, blandit a mi eu, sagittis ornare orci. Nam pharetra, leo quis tincidunt porttitor, lorem leo sollicitudin dui, sit amet finibus ligula enim at turpis. In sollicitudin finibus nisi, ut posuere augue scelerisque iaculis. Proin non aliquet nisl. Phasellus feugiat, sem rhoncus mattis auctor, sem nisl vestibulum orci, et consectetur est nulla id nulla. ','violin','2018-02-15',783.00,'1/8','>10',0,1),(200,1,'Test: 86','Lorem ipsum dolor sit amet, consectetur adipiscing elit. Fusce imperdiet odio vitae faucibus pretium. Phasellus dictum nisi lobortis, venenatis augue eu, pretium dolor. Curabitur sit amet bibendum erat. Ut vel aliquet lectus. Fusce lacus velit, venenatis in est non, lobortis sagittis odio. Morbi id enim pellentesque, varius sapien nec, accumsan nisi. Nullam et arcu hendrerit, molestie lacus sit amet, convallis eros. Aliquam pulvinar bibendum molestie. Curabitur velit risus, blandit a mi eu, sagittis ornare orci. Nam pharetra, leo quis tincidunt porttitor, lorem leo sollicitudin dui, sit amet finibus ligula enim at turpis. In sollicitudin finibus nisi, ut posuere augue scelerisque iaculis. Proin non aliquet nisl. Phasellus feugiat, sem rhoncus mattis auctor, sem nisl vestibulum orci, et consectetur est nulla id nulla. ','violin','2018-02-15',736.00,'1/4','new',1,0),(201,1,'Test: 87','Lorem ipsum dolor sit amet, consectetur adipiscing elit. Fusce imperdiet odio vitae faucibus pretium. Phasellus dictum nisi lobortis, venenatis augue eu, pretium dolor. Curabitur sit amet bibendum erat. Ut vel aliquet lectus. Fusce lacus velit, venenatis in est non, lobortis sagittis odio. Morbi id enim pellentesque, varius sapien nec, accumsan nisi. Nullam et arcu hendrerit, molestie lacus sit amet, convallis eros. Aliquam pulvinar bibendum molestie. Curabitur velit risus, blandit a mi eu, sagittis ornare orci. Nam pharetra, leo quis tincidunt porttitor, lorem leo sollicitudin dui, sit amet finibus ligula enim at turpis. In sollicitudin finibus nisi, ut posuere augue scelerisque iaculis. Proin non aliquet nisl. Phasellus feugiat, sem rhoncus mattis auctor, sem nisl vestibulum orci, et consectetur est nulla id nulla. ','music','2018-02-15',917.00,'0','>10',1,0),(202,1,'Test: 88','Lorem ipsum dolor sit amet, consectetur adipiscing elit. Fusce imperdiet odio vitae faucibus pretium. Phasellus dictum nisi lobortis, venenatis augue eu, pretium dolor. Curabitur sit amet bibendum erat. Ut vel aliquet lectus. Fusce lacus velit, venenatis in est non, lobortis sagittis odio. Morbi id enim pellentesque, varius sapien nec, accumsan nisi. Nullam et arcu hendrerit, molestie lacus sit amet, convallis eros. Aliquam pulvinar bibendum molestie. Curabitur velit risus, blandit a mi eu, sagittis ornare orci. Nam pharetra, leo quis tincidunt porttitor, lorem leo sollicitudin dui, sit amet finibus ligula enim at turpis. In sollicitudin finibus nisi, ut posuere augue scelerisque iaculis. Proin non aliquet nisl. Phasellus feugiat, sem rhoncus mattis auctor, sem nisl vestibulum orci, et consectetur est nulla id nulla. ','cello','2018-02-15',565.00,'1/4','>100',1,0),(203,1,'Test: 89','Lorem ipsum dolor sit amet, consectetur adipiscing elit. Fusce imperdiet odio vitae faucibus pretium. Phasellus dictum nisi lobortis, venenatis augue eu, pretium dolor. Curabitur sit amet bibendum erat. Ut vel aliquet lectus. Fusce lacus velit, venenatis in est non, lobortis sagittis odio. Morbi id enim pellentesque, varius sapien nec, accumsan nisi. Nullam et arcu hendrerit, molestie lacus sit amet, convallis eros. Aliquam pulvinar bibendum molestie. Curabitur velit risus, blandit a mi eu, sagittis ornare orci. Nam pharetra, leo quis tincidunt porttitor, lorem leo sollicitudin dui, sit amet finibus ligula enim at turpis. In sollicitudin finibus nisi, ut posuere augue scelerisque iaculis. Proin non aliquet nisl. Phasellus feugiat, sem rhoncus mattis auctor, sem nisl vestibulum orci, et consectetur est nulla id nulla. ','music','2018-02-15',444.00,'0','>10',0,1),(204,1,'Test: 90','Lorem ipsum dolor sit amet, consectetur adipiscing elit. Fusce imperdiet odio vitae faucibus pretium. Phasellus dictum nisi lobortis, venenatis augue eu, pretium dolor. Curabitur sit amet bibendum erat. Ut vel aliquet lectus. Fusce lacus velit, venenatis in est non, lobortis sagittis odio. Morbi id enim pellentesque, varius sapien nec, accumsan nisi. Nullam et arcu hendrerit, molestie lacus sit amet, convallis eros. Aliquam pulvinar bibendum molestie. Curabitur velit risus, blandit a mi eu, sagittis ornare orci. Nam pharetra, leo quis tincidunt porttitor, lorem leo sollicitudin dui, sit amet finibus ligula enim at turpis. In sollicitudin finibus nisi, ut posuere augue scelerisque iaculis. Proin non aliquet nisl. Phasellus feugiat, sem rhoncus mattis auctor, sem nisl vestibulum orci, et consectetur est nulla id nulla. ','violin','2018-02-15',837.00,'1/4','<50',0,0),(205,1,'Test: 91','Lorem ipsum dolor sit amet, consectetur adipiscing elit. Fusce imperdiet odio vitae faucibus pretium. Phasellus dictum nisi lobortis, venenatis augue eu, pretium dolor. Curabitur sit amet bibendum erat. Ut vel aliquet lectus. Fusce lacus velit, venenatis in est non, lobortis sagittis odio. Morbi id enim pellentesque, varius sapien nec, accumsan nisi. Nullam et arcu hendrerit, molestie lacus sit amet, convallis eros. Aliquam pulvinar bibendum molestie. Curabitur velit risus, blandit a mi eu, sagittis ornare orci. Nam pharetra, leo quis tincidunt porttitor, lorem leo sollicitudin dui, sit amet finibus ligula enim at turpis. In sollicitudin finibus nisi, ut posuere augue scelerisque iaculis. Proin non aliquet nisl. Phasellus feugiat, sem rhoncus mattis auctor, sem nisl vestibulum orci, et consectetur est nulla id nulla. ','violin','2018-02-15',572.00,'4/4','<10',0,1),(206,1,'Test: 92','Lorem ipsum dolor sit amet, consectetur adipiscing elit. Fusce imperdiet odio vitae faucibus pretium. Phasellus dictum nisi lobortis, venenatis augue eu, pretium dolor. Curabitur sit amet bibendum erat. Ut vel aliquet lectus. Fusce lacus velit, venenatis in est non, lobortis sagittis odio. Morbi id enim pellentesque, varius sapien nec, accumsan nisi. Nullam et arcu hendrerit, molestie lacus sit amet, convallis eros. Aliquam pulvinar bibendum molestie. Curabitur velit risus, blandit a mi eu, sagittis ornare orci. Nam pharetra, leo quis tincidunt porttitor, lorem leo sollicitudin dui, sit amet finibus ligula enim at turpis. In sollicitudin finibus nisi, ut posuere augue scelerisque iaculis. Proin non aliquet nisl. Phasellus feugiat, sem rhoncus mattis auctor, sem nisl vestibulum orci, et consectetur est nulla id nulla. ','bass','2018-02-15',308.00,'0','<10',1,0),(207,1,'Test: 93','Lorem ipsum dolor sit amet, consectetur adipiscing elit. Fusce imperdiet odio vitae faucibus pretium. Phasellus dictum nisi lobortis, venenatis augue eu, pretium dolor. Curabitur sit amet bibendum erat. Ut vel aliquet lectus. Fusce lacus velit, venenatis in est non, lobortis sagittis odio. Morbi id enim pellentesque, varius sapien nec, accumsan nisi. Nullam et arcu hendrerit, molestie lacus sit amet, convallis eros. Aliquam pulvinar bibendum molestie. Curabitur velit risus, blandit a mi eu, sagittis ornare orci. Nam pharetra, leo quis tincidunt porttitor, lorem leo sollicitudin dui, sit amet finibus ligula enim at turpis. In sollicitudin finibus nisi, ut posuere augue scelerisque iaculis. Proin non aliquet nisl. Phasellus feugiat, sem rhoncus mattis auctor, sem nisl vestibulum orci, et consectetur est nulla id nulla. ','viola','2018-02-15',592.00,'4/4','<100',0,1),(208,1,'Test: 94','Lorem ipsum dolor sit amet, consectetur adipiscing elit. Fusce imperdiet odio vitae faucibus pretium. Phasellus dictum nisi lobortis, venenatis augue eu, pretium dolor. Curabitur sit amet bibendum erat. Ut vel aliquet lectus. Fusce lacus velit, venenatis in est non, lobortis sagittis odio. Morbi id enim pellentesque, varius sapien nec, accumsan nisi. Nullam et arcu hendrerit, molestie lacus sit amet, convallis eros. Aliquam pulvinar bibendum molestie. Curabitur velit risus, blandit a mi eu, sagittis ornare orci. Nam pharetra, leo quis tincidunt porttitor, lorem leo sollicitudin dui, sit amet finibus ligula enim at turpis. In sollicitudin finibus nisi, ut posuere augue scelerisque iaculis. Proin non aliquet nisl. Phasellus feugiat, sem rhoncus mattis auctor, sem nisl vestibulum orci, et consectetur est nulla id nulla. ','bass','2018-02-15',572.00,'3/4','>10',0,1),(209,1,'Test: 95','Lorem ipsum dolor sit amet, consectetur adipiscing elit. Fusce imperdiet odio vitae faucibus pretium. Phasellus dictum nisi lobortis, venenatis augue eu, pretium dolor. Curabitur sit amet bibendum erat. Ut vel aliquet lectus. Fusce lacus velit, venenatis in est non, lobortis sagittis odio. Morbi id enim pellentesque, varius sapien nec, accumsan nisi. Nullam et arcu hendrerit, molestie lacus sit amet, convallis eros. Aliquam pulvinar bibendum molestie. Curabitur velit risus, blandit a mi eu, sagittis ornare orci. Nam pharetra, leo quis tincidunt porttitor, lorem leo sollicitudin dui, sit amet finibus ligula enim at turpis. In sollicitudin finibus nisi, ut posuere augue scelerisque iaculis. Proin non aliquet nisl. Phasellus feugiat, sem rhoncus mattis auctor, sem nisl vestibulum orci, et consectetur est nulla id nulla. ','accessory','2018-02-15',271.00,'0','<50',0,1),(210,1,'Test: 96','Lorem ipsum dolor sit amet, consectetur adipiscing elit. Fusce imperdiet odio vitae faucibus pretium. Phasellus dictum nisi lobortis, venenatis augue eu, pretium dolor. Curabitur sit amet bibendum erat. Ut vel aliquet lectus. Fusce lacus velit, venenatis in est non, lobortis sagittis odio. Morbi id enim pellentesque, varius sapien nec, accumsan nisi. Nullam et arcu hendrerit, molestie lacus sit amet, convallis eros. Aliquam pulvinar bibendum molestie. Curabitur velit risus, blandit a mi eu, sagittis ornare orci. Nam pharetra, leo quis tincidunt porttitor, lorem leo sollicitudin dui, sit amet finibus ligula enim at turpis. In sollicitudin finibus nisi, ut posuere augue scelerisque iaculis. Proin non aliquet nisl. Phasellus feugiat, sem rhoncus mattis auctor, sem nisl vestibulum orci, et consectetur est nulla id nulla. ','bass','2018-02-15',251.00,'3/4','unknown',1,0),(211,1,'Test: 97','Lorem ipsum dolor sit amet, consectetur adipiscing elit. Fusce imperdiet odio vitae faucibus pretium. Phasellus dictum nisi lobortis, venenatis augue eu, pretium dolor. Curabitur sit amet bibendum erat. Ut vel aliquet lectus. Fusce lacus velit, venenatis in est non, lobortis sagittis odio. Morbi id enim pellentesque, varius sapien nec, accumsan nisi. Nullam et arcu hendrerit, molestie lacus sit amet, convallis eros. Aliquam pulvinar bibendum molestie. Curabitur velit risus, blandit a mi eu, sagittis ornare orci. Nam pharetra, leo quis tincidunt porttitor, lorem leo sollicitudin dui, sit amet finibus ligula enim at turpis. In sollicitudin finibus nisi, ut posuere augue scelerisque iaculis. Proin non aliquet nisl. Phasellus feugiat, sem rhoncus mattis auctor, sem nisl vestibulum orci, et consectetur est nulla id nulla. ','accessory','2018-02-15',982.00,'4/4','unknown',0,1),(212,1,'Test: 98','Lorem ipsum dolor sit amet, consectetur adipiscing elit. Fusce imperdiet odio vitae faucibus pretium. Phasellus dictum nisi lobortis, venenatis augue eu, pretium dolor. Curabitur sit amet bibendum erat. Ut vel aliquet lectus. Fusce lacus velit, venenatis in est non, lobortis sagittis odio. Morbi id enim pellentesque, varius sapien nec, accumsan nisi. Nullam et arcu hendrerit, molestie lacus sit amet, convallis eros. Aliquam pulvinar bibendum molestie. Curabitur velit risus, blandit a mi eu, sagittis ornare orci. Nam pharetra, leo quis tincidunt porttitor, lorem leo sollicitudin dui, sit amet finibus ligula enim at turpis. In sollicitudin finibus nisi, ut posuere augue scelerisque iaculis. Proin non aliquet nisl. Phasellus feugiat, sem rhoncus mattis auctor, sem nisl vestibulum orci, et consectetur est nulla id nulla. ','viola','2018-02-15',946.00,'4/4','<50',1,1);
/*!40000 ALTER TABLE `Adverts` ENABLE KEYS */;
UNLOCK TABLES;

--
-- Table structure for table `Users`
--

DROP TABLE IF EXISTS `Users`;
/*!40101 SET @saved_cs_client     = @@character_set_client */;
/*!40101 SET character_set_client = utf8 */;
CREATE TABLE `Users` (
  `userID` int(11) NOT NULL AUTO_INCREMENT,
  `firstName` varchar(20) NOT NULL,
  `surname` varchar(20) NOT NULL,
  `email` varchar(40) NOT NULL,
  `password` mediumtext NOT NULL,
  `addressLineOne` mediumtext NOT NULL,
  `postcode` varchar(8) NOT NULL,
  `mobileNumber` varchar(13) NOT NULL,
  `isAdmin` tinyint(1) NOT NULL DEFAULT '0',
  PRIMARY KEY (`userID`)
) ENGINE=InnoDB AUTO_INCREMENT=5 DEFAULT CHARSET=latin1;
/*!40101 SET character_set_client = @saved_cs_client */;

--
-- Dumping data for table `Users`
--

LOCK TABLES `Users` WRITE;
/*!40000 ALTER TABLE `Users` DISABLE KEYS */;
INSERT INTO `Users` VALUES (1,'Admin','Account','admin@admin.com','$2y$10$6RnPL0xBCxRurwGUyO34X.WFmTffihqD8T6712Gccr/6MiePT96aG','46 Cranberry Drive','BL3 4TB','07840194438',1),(2,'Tester 1','McTestFace','test@test.com','$2y$10$MjW97ak/XdDOPkFLLs6JUuw9SrrQShLSaY7TadvZ0gQ2lzrwqQOBe','Fake Street','FK3 5TR','00987654321',0),(3,'fake','account','fake@fake.com','$2y$10$Q9OcKEcOmrs67bG8DNmR6uS2vuVAD4vhuKtdCdEoPBs7c8uU0NWJq','fake lane','FK3 5TR','00987654321',0),(4,'Sam','Jone','testy@mctestface','$2y$10$v4F.gxRHPbG38qBQqhMOhOwSO5kL1kk9fYzFw2e7V53lKtFcW8B4S','46 Fake Drive','FK3 5TR','00987654321',0);
/*!40000 ALTER TABLE `Users` ENABLE KEYS */;
UNLOCK TABLES;

--
-- Table structure for table `wishlist`
--

DROP TABLE IF EXISTS `wishlist`;
/*!40101 SET @saved_cs_client     = @@character_set_client */;
/*!40101 SET character_set_client = utf8 */;
CREATE TABLE `wishlist` (
  `wishlistID` int(11) NOT NULL AUTO_INCREMENT,
  `userPK` int(11) NOT NULL,
  `advertPK` int(11) NOT NULL,
  PRIMARY KEY (`wishlistID`),
  KEY `userPKRef` (`userPK`),
  KEY `advertPKRef` (`advertPK`),
  CONSTRAINT `advertPKRef` FOREIGN KEY (`advertPK`) REFERENCES `Adverts` (`advertID`),
  CONSTRAINT `userPKRef` FOREIGN KEY (`userPK`) REFERENCES `Users` (`userID`)
) ENGINE=InnoDB DEFAULT CHARSET=latin1;
/*!40101 SET character_set_client = @saved_cs_client */;

--
-- Dumping data for table `wishlist`
--

LOCK TABLES `wishlist` WRITE;
/*!40000 ALTER TABLE `wishlist` DISABLE KEYS */;
/*!40000 ALTER TABLE `wishlist` ENABLE KEYS */;
UNLOCK TABLES;

--
-- Dumping events for database 'stc765'
--

--
-- Dumping routines for database 'stc765'
--
/*!40103 SET TIME_ZONE=@OLD_TIME_ZONE */;

/*!40101 SET SQL_MODE=@OLD_SQL_MODE */;
/*!40014 SET FOREIGN_KEY_CHECKS=@OLD_FOREIGN_KEY_CHECKS */;
/*!40014 SET UNIQUE_CHECKS=@OLD_UNIQUE_CHECKS */;
/*!40101 SET CHARACTER_SET_CLIENT=@OLD_CHARACTER_SET_CLIENT */;
/*!40101 SET CHARACTER_SET_RESULTS=@OLD_CHARACTER_SET_RESULTS */;
/*!40101 SET COLLATION_CONNECTION=@OLD_COLLATION_CONNECTION */;
/*!40111 SET SQL_NOTES=@OLD_SQL_NOTES */;

-- Dump completed on 2018-03-18 16:18:37
